email,genero,nivel_interes
nayeliroldan@example.com,Terror,3
nayeliroldan@example.com,Accion,3
zgurule@example.org,Comedia,4
zgurule@example.org,Animacion,4
moralesesperanza@example.net,Documental,1
moralesesperanza@example.net,Accion,2
segoviaarcelia@example.net,Romance,1
segoviaarcelia@example.net,Historia,4
segoviaarcelia@example.net,Terror,2
segoviaarcelia@example.net,Misterio,1
segoviaarcelia@example.net,Ciencia Ficcion,1
florencia61@example.org,Accion,2
florencia61@example.org,Fantasia,3
florencia61@example.org,Misterio,2
luiscamarillo@example.com,Drama,1
luiscamarillo@example.com,Deportes,5
maria-luisa51@example.org,Misterio,2
maria-luisa51@example.org,Terror,2
maria-luisa51@example.org,Documental,4
maria-luisa51@example.org,Musical,3
maria-luisa51@example.org,Aventura,4
jeronimojaquez@example.com,Misterio,4
jeronimojaquez@example.com,Ciencia Ficcion,4
jeronimojaquez@example.com,Aventura,1
jeronimojaquez@example.com,Thriller,1
jeronimojaquez@example.com,Deportes,5
gramon@example.net,Historia,1
gramon@example.net,Drama,2
gramon@example.net,Aventura,1
gramon@example.net,Thriller,5
gramon@example.net,Accion,2
ernestogarica@example.net,Misterio,4
ernestogarica@example.net,Documental,4
ernestogarica@example.net,Comedia,3
ernestogarica@example.net,Fantasia,5
ernestogarica@example.net,Historia,4
ortaesther@example.org,Fantasia,4
ortaesther@example.org,Accion,2
ortaesther@example.org,Misterio,3
ortaesther@example.org,Drama,5
ortaesther@example.org,Ciencia Ficcion,1
de-la-cruzabigail@example.com,Misterio,1
de-la-cruzabigail@example.com,Drama,4
de-la-cruzabigail@example.com,Musical,1
de-la-cruzabigail@example.com,Documental,1
micaela25@example.net,Animacion,4
micaela25@example.net,Deportes,5
micaela25@example.net,Musical,5
micaela25@example.net,Comedia,2
micaela25@example.net,Thriller,5
abril23@example.net,Animacion,2
abril23@example.net,Deportes,1
gabriel23@example.org,Musical,3
gabriel23@example.org,Animacion,4
gabriel23@example.org,Aventura,2
gabriel23@example.org,Fantasia,4
gabriel23@example.org,Accion,1
ramiro25@example.org,Musical,3
ramiro25@example.org,Animacion,2
wporras@example.org,Romance,4
wporras@example.org,Musical,3
jassomarco-antonio@example.net,Documental,5
jassomarco-antonio@example.net,Fantasia,4
jassomarco-antonio@example.net,Thriller,1
cgamboa@example.com,Animacion,5
cgamboa@example.com,Documental,1
nmagana@example.net,Aventura,2
nmagana@example.net,Ciencia Ficcion,5
nmagana@example.net,Drama,1
alfredo45@example.net,Fantasia,3
alfredo45@example.net,Deportes,1
alfredo45@example.net,Romance,1
alfredo45@example.net,Drama,1
alfredo45@example.net,Documental,4
msauceda@example.net,Drama,1
msauceda@example.net,Aventura,4
msauceda@example.net,Terror,5
luciacarrera@example.net,Aventura,2
luciacarrera@example.net,Drama,3
luciacarrera@example.net,Ciencia Ficcion,3
barrientosmariano@example.net,Misterio,4
barrientosmariano@example.net,Historia,2
barrientosmariano@example.net,Romance,4
barrientosmariano@example.net,Ciencia Ficcion,4
armandovaldez@example.com,Misterio,3
armandovaldez@example.com,Deportes,1
armandovaldez@example.com,Ciencia Ficcion,4
casanovamercedes@example.net,Musical,2
casanovamercedes@example.net,Historia,2
casanovamercedes@example.net,Romance,2
linda53@example.org,Drama,4
linda53@example.org,Historia,1
linda53@example.org,Deportes,3
marisolmunoz@example.com,Musical,5
marisolmunoz@example.com,Thriller,1
marisolmunoz@example.com,Accion,2
marisolmunoz@example.com,Drama,3
padillaoswaldo@example.org,Thriller,1
padillaoswaldo@example.org,Documental,4
tapiaconcepcion@example.org,Deportes,3
tapiaconcepcion@example.org,Animacion,1
tapiaconcepcion@example.org,Comedia,2
tapiaconcepcion@example.org,Ciencia Ficcion,2
citlalirobledo@example.net,Terror,3
citlalirobledo@example.net,Ciencia Ficcion,3
citlalirobledo@example.net,Deportes,2
citlalirobledo@example.net,Animacion,5
citlalirobledo@example.net,Aventura,5
indirasolorio@example.org,Romance,1
indirasolorio@example.org,Aventura,5
indirasolorio@example.org,Fantasia,5
marisol29@example.com,Musical,3
marisol29@example.com,Animacion,5
marisol29@example.com,Deportes,3
marisol29@example.com,Ciencia Ficcion,1
marisol29@example.com,Thriller,4
santiagoluevano@example.org,Historia,4
santiagoluevano@example.org,Terror,4
santiagoluevano@example.org,Documental,4
santiagoluevano@example.org,Misterio,3
santiagoluevano@example.org,Drama,3
pradocesar@example.org,Accion,5
pradocesar@example.org,Musical,1
pradocesar@example.org,Historia,2
pradocesar@example.org,Terror,1
alejandra88@example.net,Misterio,3
alejandra88@example.net,Deportes,5
vgallardo@example.org,Misterio,4
vgallardo@example.org,Ciencia Ficcion,1
vgallardo@example.org,Terror,4
vgallardo@example.org,Historia,2
bahenaclaudia@example.com,Historia,2
bahenaclaudia@example.com,Animacion,1
bahenaclaudia@example.com,Romance,3
bahenaclaudia@example.com,Accion,5
bahenaclaudia@example.com,Deportes,4
camila94@example.net,Deportes,3
camila94@example.net,Romance,2
camila94@example.net,Documental,1
camila94@example.net,Fantasia,4
camila94@example.net,Drama,3
mendezcarolina@example.com,Animacion,1
mendezcarolina@example.com,Musical,3
mendezcarolina@example.com,Historia,5
mendezcarolina@example.com,Misterio,4
mendezcarolina@example.com,Documental,2
lcruz@example.net,Documental,1
lcruz@example.net,Terror,2
lcruz@example.net,Thriller,2
lcruz@example.net,Accion,4
lcruz@example.net,Animacion,2
xrivas@example.net,Historia,2
xrivas@example.net,Animacion,5
xrivas@example.net,Misterio,2
xrivas@example.net,Aventura,3
xrivas@example.net,Drama,3
mauricio66@example.com,Accion,2
mauricio66@example.com,Thriller,4
mauricio66@example.com,Deportes,4
mauricio66@example.com,Historia,2
espartacobriones@example.com,Ciencia Ficcion,5
espartacobriones@example.com,Romance,5
miriamverduzco@example.net,Musical,4
miriamverduzco@example.net,Terror,4
luciacorona@example.net,Comedia,1
luciacorona@example.net,Thriller,4
luciacorona@example.net,Animacion,2
luciacorona@example.net,Accion,2
luciacorona@example.net,Fantasia,5
ysierra@example.org,Accion,4
ysierra@example.org,Documental,4
ysierra@example.org,Drama,4
ysierra@example.org,Deportes,1
ysierra@example.org,Aventura,2
israelvalles@example.net,Accion,2
israelvalles@example.net,Terror,3
israelvalles@example.net,Misterio,3
aestrada@example.net,Comedia,3
aestrada@example.net,Accion,1
ramonpadilla@example.com,Ciencia Ficcion,4
ramonpadilla@example.com,Terror,2
ramonpadilla@example.com,Comedia,3
ramonpadilla@example.com,Thriller,5
ramonpadilla@example.com,Romance,1
malavewilfrido@example.com,Fantasia,2
malavewilfrido@example.com,Terror,2
malavewilfrido@example.com,Documental,4
bmaldonado@example.org,Misterio,3
bmaldonado@example.org,Animacion,5
xcollazo@example.com,Ciencia Ficcion,4
xcollazo@example.com,Musical,3
xcollazo@example.com,Terror,5
xcollazo@example.com,Romance,1
calderonrosa@example.net,Documental,1
calderonrosa@example.net,Ciencia Ficcion,4
calderonrosa@example.net,Misterio,4
calderonrosa@example.net,Historia,5
gonzaloabrego@example.org,Thriller,2
gonzaloabrego@example.org,Documental,4
gonzaloabrego@example.org,Musical,1
gonzaloabrego@example.org,Misterio,3
gonzaloabrego@example.org,Animacion,5
enrique70@example.net,Deportes,5
enrique70@example.net,Drama,3
enrique70@example.net,Animacion,4
enrique70@example.net,Terror,5
miguel-angel25@example.com,Deportes,3
miguel-angel25@example.com,Historia,5
de-la-rosalorena@example.net,Animacion,4
de-la-rosalorena@example.net,Ciencia Ficcion,3
de-la-rosalorena@example.net,Historia,3
de-la-rosalorena@example.net,Deportes,3
ulloagonzalo@example.net,Ciencia Ficcion,5
ulloagonzalo@example.net,Fantasia,2
ulloagonzalo@example.net,Misterio,3
ulloagonzalo@example.net,Musical,4
gdel-rio@example.org,Accion,1
gdel-rio@example.org,Terror,1
gdel-rio@example.org,Ciencia Ficcion,4
gdel-rio@example.org,Musical,4
zeferino45@example.com,Drama,1
zeferino45@example.com,Accion,5
zeferino45@example.com,Terror,3
zeferino45@example.com,Fantasia,5
zeferino45@example.com,Historia,3
ricardo13@example.net,Deportes,2
ricardo13@example.net,Misterio,2
noemicanales@example.org,Musical,5
noemicanales@example.org,Animacion,3
noemicanales@example.org,Terror,2
noemicanales@example.org,Historia,2
nsolis@example.net,Misterio,5
nsolis@example.net,Ciencia Ficcion,2
nsolis@example.net,Documental,2
anavarro@example.com,Romance,4
anavarro@example.com,Animacion,3
anavarro@example.com,Ciencia Ficcion,1
anavarro@example.com,Aventura,3
anavarro@example.com,Musical,3
victoriavillalobos@example.org,Thriller,2
victoriavillalobos@example.org,Comedia,2
alejandrovaldez@example.org,Thriller,3
alejandrovaldez@example.org,Accion,1
alejandrovaldez@example.org,Drama,4
alejandrovaldez@example.org,Comedia,5
alejandrovaldez@example.org,Romance,4
regaladoenrique@example.net,Misterio,3
regaladoenrique@example.net,Musical,4
alejandro27@example.com,Fantasia,4
alejandro27@example.com,Romance,4
alejandro27@example.com,Misterio,4
alejandro27@example.com,Animacion,2
minervagracia@example.net,Animacion,3
minervagracia@example.net,Terror,4
minervagracia@example.net,Deportes,3
minervagracia@example.net,Ciencia Ficcion,1
susana67@example.com,Accion,2
susana67@example.com,Ciencia Ficcion,2
susana67@example.com,Animacion,2
susana67@example.com,Thriller,2
carrerozeferino@example.org,Comedia,2
carrerozeferino@example.org,Aventura,1
carrerozeferino@example.org,Historia,1
karlaposada@example.org,Fantasia,5
karlaposada@example.org,Aventura,2
karlaposada@example.org,Historia,1
karlaposada@example.org,Animacion,3
renato41@example.net,Ciencia Ficcion,4
renato41@example.net,Romance,4
renato41@example.net,Comedia,4
corralesrocio@example.org,Thriller,2
corralesrocio@example.org,Romance,3
corralesrocio@example.org,Aventura,1
corralesrocio@example.org,Historia,2
corralesrocio@example.org,Comedia,3
qmontanez@example.com,Comedia,4
qmontanez@example.com,Misterio,2
qmontanez@example.com,Aventura,5
qmontanez@example.com,Deportes,5
qmontanez@example.com,Terror,4
mayte25@example.org,Romance,3
mayte25@example.org,Musical,2
mayte25@example.org,Terror,1
mayte25@example.org,Fantasia,1
mayte25@example.org,Documental,1
celianavarro@example.org,Misterio,3
celianavarro@example.org,Aventura,3
celianavarro@example.org,Documental,1
celianavarro@example.org,Romance,5
celianavarro@example.org,Thriller,3
silvia68@example.com,Drama,1
silvia68@example.com,Documental,2
albadulce@example.com,Aventura,5
albadulce@example.com,Accion,2
albadulce@example.com,Animacion,2
albadulce@example.com,Musical,3
javier66@example.com,Romance,1
javier66@example.com,Musical,2
jorge49@example.com,Historia,4
jorge49@example.com,Misterio,3
jose-eduardoloera@example.net,Misterio,5
jose-eduardoloera@example.net,Drama,4
jose-eduardoloera@example.net,Aventura,1
jose-eduardoloera@example.net,Comedia,5
moralesabel@example.com,Comedia,3
moralesabel@example.com,Accion,3
moralesabel@example.com,Aventura,3
moralesabel@example.com,Fantasia,5
judith79@example.net,Documental,2
judith79@example.net,Thriller,4
pizarrosoledad@example.org,Comedia,3
pizarrosoledad@example.org,Romance,5
yesparza@example.net,Drama,1
yesparza@example.net,Fantasia,4
yesparza@example.net,Aventura,4
yesparza@example.net,Documental,3
yesparza@example.net,Deportes,2
lilia42@example.net,Romance,2
lilia42@example.net,Musical,2
lilia42@example.net,Fantasia,1
marianovargas@example.org,Fantasia,4
marianovargas@example.org,Comedia,3
marianovargas@example.org,Animacion,3
marianovargas@example.org,Musical,5
marcela98@example.org,Drama,3
marcela98@example.org,Musical,4
marcela98@example.org,Historia,4
marcela98@example.org,Thriller,4
marcela98@example.org,Documental,1
eloisa49@example.com,Documental,1
eloisa49@example.com,Fantasia,5
eloisa49@example.com,Romance,2
eloisa49@example.com,Comedia,2
eloisa49@example.com,Accion,1
navarretemarco-antonio@example.com,Documental,5
navarretemarco-antonio@example.com,Aventura,4
navarretemarco-antonio@example.com,Thriller,3
leonardoharo@example.net,Aventura,1
leonardoharo@example.net,Musical,2
leonardoharo@example.net,Romance,5
augustoolivera@example.com,Ciencia Ficcion,1
augustoolivera@example.com,Aventura,1
augustoolivera@example.com,Deportes,1
jaimestimoteo@example.com,Accion,4
jaimestimoteo@example.com,Historia,4
jaimestimoteo@example.com,Ciencia Ficcion,1
jaimestimoteo@example.com,Musical,4
daliacervantez@example.org,Ciencia Ficcion,4
daliacervantez@example.org,Deportes,4
vigilmaria-cristina@example.org,Musical,3
vigilmaria-cristina@example.org,Comedia,4
vigilmaria-cristina@example.org,Animacion,5
vigilmaria-cristina@example.org,Ciencia Ficcion,4
vigilmaria-cristina@example.org,Misterio,1
federico55@example.org,Documental,2
federico55@example.org,Musical,5
federico55@example.org,Ciencia Ficcion,5
federico55@example.org,Drama,5
federico55@example.org,Misterio,4
tsauceda@example.com,Accion,5
tsauceda@example.com,Thriller,5
tsauceda@example.com,Misterio,2
tsauceda@example.com,Fantasia,3
tsauceda@example.com,Romance,3
catalinapedroza@example.net,Misterio,1
catalinapedroza@example.net,Thriller,4
catalinapedroza@example.net,Deportes,4
benavidezfelix@example.net,Documental,1
benavidezfelix@example.net,Fantasia,2
benavidezfelix@example.net,Thriller,2
benavidezfelix@example.net,Terror,3
chavarriajuan@example.net,Drama,4
chavarriajuan@example.net,Deportes,5
chavarriajuan@example.net,Documental,4
chavarriajuan@example.net,Accion,3
chavarriajuan@example.net,Thriller,5
klozano@example.net,Fantasia,2
klozano@example.net,Musical,1
zoe06@example.com,Aventura,1
zoe06@example.com,Accion,5
zoe06@example.com,Musical,4
zoe06@example.com,Animacion,5
magdalena94@example.com,Aventura,4
magdalena94@example.com,Musical,4
magdalena94@example.com,Comedia,1
magdalena94@example.com,Fantasia,4
magdalena94@example.com,Accion,4
omarroybal@example.com,Historia,4
omarroybal@example.com,Musical,2
omarroybal@example.com,Animacion,3
omarroybal@example.com,Deportes,4
omarroybal@example.com,Drama,3
reina57@example.net,Musical,5
reina57@example.net,Thriller,5
reina57@example.net,Accion,4
reina57@example.net,Terror,4
vacaeric@example.org,Animacion,4
vacaeric@example.org,Musical,3
vacaeric@example.org,Ciencia Ficcion,1
yolivares@example.com,Comedia,2
yolivares@example.com,Aventura,3
yolivares@example.com,Animacion,2
yolivares@example.com,Thriller,5
conchitaledesma@example.com,Musical,5
conchitaledesma@example.com,Fantasia,3
conchitaledesma@example.com,Terror,5
moramiriam@example.com,Comedia,3
moramiriam@example.com,Musical,2
armentaalejandro@example.org,Thriller,4
armentaalejandro@example.org,Animacion,1
armentaalejandro@example.org,Musical,5
xllamas@example.org,Deportes,2
xllamas@example.org,Accion,3
xllamas@example.org,Terror,2
hectorjimenez@example.net,Aventura,2
hectorjimenez@example.net,Terror,4
hectorjimenez@example.net,Documental,3
slozano@example.org,Deportes,2
slozano@example.org,Comedia,5
slozano@example.org,Fantasia,1
slozano@example.org,Terror,5
slozano@example.org,Historia,3
aocampo@example.net,Accion,2
aocampo@example.net,Terror,3
aocampo@example.net,Drama,1
aocampo@example.net,Deportes,1
aocampo@example.net,Aventura,5
adela06@example.com,Historia,5
adela06@example.com,Documental,2
adela06@example.com,Ciencia Ficcion,4
adela06@example.com,Animacion,5
aguileraines@example.org,Fantasia,5
aguileraines@example.org,Misterio,5
aguileraines@example.org,Accion,5
aguileraines@example.org,Thriller,1
aguileraines@example.org,Ciencia Ficcion,1
anabel61@example.net,Romance,2
anabel61@example.net,Aventura,2
chaconcristal@example.org,Aventura,5
chaconcristal@example.org,Deportes,2
chaconcristal@example.org,Comedia,1
chaconcristal@example.org,Romance,3
chaconcristal@example.org,Thriller,2
angelica15@example.org,Drama,4
angelica15@example.org,Ciencia Ficcion,1
angelica15@example.org,Misterio,5
angelica15@example.org,Animacion,1
rosario17@example.org,Thriller,4
rosario17@example.org,Deportes,2
beatrizmontano@example.com,Musical,1
beatrizmontano@example.com,Documental,5
beatrizmontano@example.com,Animacion,1
beatrizmontano@example.com,Deportes,4
florezpaola@example.net,Fantasia,4
florezpaola@example.net,Aventura,3
florezpaola@example.net,Thriller,1
enava@example.net,Accion,1
enava@example.net,Ciencia Ficcion,5
enava@example.net,Historia,5
enava@example.net,Drama,3
enava@example.net,Thriller,5
virginiatrejo@example.org,Historia,5
virginiatrejo@example.org,Fantasia,5
cortesclara@example.net,Misterio,2
cortesclara@example.net,Terror,5
cortesclara@example.net,Thriller,1
smata@example.org,Romance,2
smata@example.org,Accion,3
smata@example.org,Drama,3
wbarrera@example.com,Romance,1
wbarrera@example.com,Musical,5
wbarrera@example.com,Animacion,2
wbarrera@example.com,Terror,1
wbarrera@example.com,Drama,1
vieralinda@example.org,Documental,4
vieralinda@example.org,Romance,1
vieralinda@example.org,Historia,2
vieralinda@example.org,Ciencia Ficcion,2
amaliabenitez@example.com,Romance,5
amaliabenitez@example.com,Thriller,3
amaliabenitez@example.com,Accion,3
dianamelgar@example.net,Drama,1
dianamelgar@example.net,Animacion,1
dianamelgar@example.net,Historia,1
natalia78@example.net,Terror,5
natalia78@example.net,Musical,4
resendezarmando@example.net,Animacion,1
resendezarmando@example.net,Documental,2
bernabe17@example.org,Drama,2
bernabe17@example.org,Deportes,5
bernabe17@example.org,Fantasia,4
bernabe17@example.org,Historia,5
bernabe17@example.org,Documental,3
juarezoliver@example.net,Comedia,2
juarezoliver@example.net,Musical,2
juarezoliver@example.net,Documental,4
juarezoliver@example.net,Thriller,5
juarezoliver@example.net,Animacion,1
lourdescastro@example.org,Historia,4
lourdescastro@example.org,Misterio,3
lourdescastro@example.org,Romance,4
lourdescastro@example.org,Aventura,1
lourdescastro@example.org,Terror,4
hsanchez@example.net,Terror,5
hsanchez@example.net,Deportes,4
hsanchez@example.net,Historia,3
laraflavio@example.net,Misterio,3
laraflavio@example.net,Thriller,1
laraflavio@example.net,Fantasia,3
laraflavio@example.net,Animacion,1
laraflavio@example.net,Romance,2
vlugo@example.org,Documental,1
vlugo@example.org,Deportes,4
vlugo@example.org,Musical,1
vlugo@example.org,Aventura,1
eugenioleiva@example.org,Animacion,2
eugenioleiva@example.org,Accion,3
eugenioleiva@example.org,Thriller,2
lbernal@example.com,Musical,1
lbernal@example.com,Romance,4
icisneros@example.net,Deportes,5
icisneros@example.net,Historia,1
maria-eugeniasepulveda@example.net,Deportes,4
maria-eugeniasepulveda@example.net,Romance,3
maria-eugeniasepulveda@example.net,Historia,4
maria-eugeniasepulveda@example.net,Fantasia,1
ceciliabetancourt@example.com,Deportes,1
ceciliabetancourt@example.com,Romance,1
ceciliabetancourt@example.com,Musical,5
ceciliabetancourt@example.com,Thriller,5
ceciliabetancourt@example.com,Ciencia Ficcion,5
clementearmas@example.net,Documental,2
clementearmas@example.net,Deportes,4
clementearmas@example.net,Terror,3
angela97@example.com,Aventura,1
angela97@example.com,Ciencia Ficcion,2
angela97@example.com,Fantasia,1
marcela08@example.net,Romance,4
marcela08@example.net,Aventura,1
serafinrodarte@example.com,Misterio,3
serafinrodarte@example.com,Musical,5
serafinrodarte@example.com,Thriller,4
isabel94@example.net,Misterio,3
isabel94@example.net,Fantasia,2
ilseanguiano@example.com,Comedia,1
ilseanguiano@example.com,Documental,5
ilseanguiano@example.com,Deportes,2
ilseanguiano@example.com,Terror,4
lsalas@example.com,Aventura,3
lsalas@example.com,Animacion,4
lsalas@example.com,Accion,5
lsalas@example.com,Deportes,3
carriongraciela@example.net,Musical,4
carriongraciela@example.net,Drama,2
carriongraciela@example.net,Aventura,2
elisahinojosa@example.org,Comedia,3
elisahinojosa@example.org,Drama,1
elisahinojosa@example.org,Romance,4
pescobar@example.org,Thriller,3
pescobar@example.org,Misterio,3
jeronimomontoya@example.org,Aventura,4
jeronimomontoya@example.org,Drama,2
jeronimomontoya@example.org,Documental,3
jeronimomontoya@example.org,Accion,3
razocarlota@example.net,Historia,1
razocarlota@example.net,Thriller,2
razocarlota@example.net,Ciencia Ficcion,1
razocarlota@example.net,Accion,1
razocarlota@example.net,Deportes,2
cgallardo@example.net,Misterio,3
cgallardo@example.net,Deportes,1
cgallardo@example.net,Romance,3
cgallardo@example.net,Thriller,1
leonardo55@example.net,Misterio,1
leonardo55@example.net,Musical,1
qsisneros@example.net,Historia,3
qsisneros@example.net,Thriller,5
qsisneros@example.net,Romance,2
qsisneros@example.net,Terror,5
qsisneros@example.net,Fantasia,1
horacioorozco@example.org,Musical,1
horacioorozco@example.org,Comedia,3
horacioorozco@example.org,Ciencia Ficcion,3
horacioorozco@example.org,Thriller,4
horacioorozco@example.org,Aventura,2
yresendez@example.com,Ciencia Ficcion,2
yresendez@example.com,Drama,1
yresendez@example.com,Accion,2
quirozemilio@example.org,Drama,3
quirozemilio@example.org,Romance,3
quirozemilio@example.org,Documental,5
berta19@example.net,Fantasia,2
berta19@example.net,Romance,2
berta19@example.net,Animacion,4
berta19@example.net,Comedia,2
iaguilera@example.org,Comedia,3
iaguilera@example.org,Aventura,1
iaguilera@example.org,Accion,4
iaguilera@example.org,Drama,5
iaguilera@example.org,Fantasia,2
clara28@example.net,Romance,4
clara28@example.net,Accion,4
clara28@example.net,Comedia,5
clara28@example.net,Fantasia,2
fcampos@example.org,Animacion,1
fcampos@example.org,Accion,2
zeferino89@example.org,Fantasia,4
zeferino89@example.org,Documental,5
zeferino89@example.org,Romance,2
zeferino89@example.org,Aventura,1
carla30@example.com,Documental,4
carla30@example.com,Misterio,4
martha89@example.org,Historia,5
martha89@example.org,Accion,1
vguillen@example.net,Drama,3
vguillen@example.net,Thriller,1
julia65@example.org,Thriller,1
julia65@example.org,Animacion,2
julia65@example.org,Documental,3
angela91@example.net,Comedia,5
angela91@example.net,Fantasia,4
angela91@example.net,Animacion,5
yarevalo@example.net,Documental,2
yarevalo@example.net,Misterio,4
yarevalo@example.net,Aventura,4
yarevalo@example.net,Deportes,5
yarevalo@example.net,Drama,5
orellanaandrea@example.com,Thriller,4
orellanaandrea@example.com,Fantasia,3
orellanaandrea@example.com,Musical,1
orellanaandrea@example.com,Animacion,5
marcelacoronado@example.net,Animacion,1
marcelacoronado@example.net,Terror,2
marcelacoronado@example.net,Fantasia,2
romerosergio@example.com,Romance,5
romerosergio@example.com,Documental,3
romerosergio@example.com,Terror,3
romerosergio@example.com,Fantasia,4
romerosergio@example.com,Musical,3
nchavarria@example.net,Comedia,5
nchavarria@example.net,Musical,2
nchavarria@example.net,Aventura,1
elisa75@example.com,Animacion,4
elisa75@example.com,Ciencia Ficcion,4
angelica70@example.org,Ciencia Ficcion,5
angelica70@example.org,Misterio,5
diazisrael@example.com,Comedia,3
diazisrael@example.com,Historia,1
qbanuelos@example.net,Deportes,3
qbanuelos@example.net,Historia,5
qbanuelos@example.net,Ciencia Ficcion,1
qbanuelos@example.net,Thriller,5
qbanuelos@example.net,Musical,5
maria-jose83@example.net,Thriller,1
maria-jose83@example.net,Ciencia Ficcion,5
maria-jose83@example.net,Misterio,1
maria-jose83@example.net,Animacion,3
lopezarcelia@example.net,Terror,4
lopezarcelia@example.net,Accion,2
lopezarcelia@example.net,Fantasia,5
lopezarcelia@example.net,Thriller,5
lopezarcelia@example.net,Romance,3
mcarvajal@example.net,Drama,3
mcarvajal@example.net,Deportes,4
mcarvajal@example.net,Thriller,5
tomasmeza@example.com,Misterio,3
tomasmeza@example.com,Musical,2
reina34@example.org,Aventura,4
reina34@example.org,Thriller,3
reina34@example.org,Deportes,1
reina34@example.org,Drama,1
reina34@example.org,Misterio,4
pereavictor@example.org,Animacion,4
pereavictor@example.org,Ciencia Ficcion,1
pereavictor@example.org,Terror,5
antonio55@example.net,Deportes,4
antonio55@example.net,Misterio,2
antonio55@example.net,Musical,2
antonio55@example.net,Accion,2
antonio55@example.net,Terror,5
mtapia@example.com,Thriller,2
mtapia@example.com,Aventura,4
mtapia@example.com,Fantasia,5
parraomar@example.com,Historia,3
parraomar@example.com,Romance,3
parraomar@example.com,Fantasia,5
renato65@example.org,Fantasia,2
renato65@example.org,Documental,5
renato65@example.org,Ciencia Ficcion,1
luis-miguel31@example.org,Historia,4
luis-miguel31@example.org,Drama,5
luis-miguel31@example.org,Accion,5
luis-miguel31@example.org,Fantasia,5
rpuente@example.org,Aventura,5
rpuente@example.org,Romance,2
rpuente@example.org,Misterio,1
rpuente@example.org,Documental,3
velezjose-manuel@example.com,Historia,5
velezjose-manuel@example.com,Terror,3
velezjose-manuel@example.com,Ciencia Ficcion,4
velezjose-manuel@example.com,Fantasia,2
dolores19@example.net,Animacion,4
dolores19@example.net,Romance,2
dolores19@example.net,Misterio,3
dolores19@example.net,Drama,4
dolores19@example.net,Fantasia,4
aprado@example.net,Misterio,2
aprado@example.net,Historia,5
delia61@example.org,Historia,2
delia61@example.org,Drama,4
delia61@example.org,Animacion,4
nuneznatalia@example.com,Aventura,2
nuneznatalia@example.com,Romance,5
nuneznatalia@example.com,Musical,3
nuneznatalia@example.com,Historia,2
nuneznatalia@example.com,Accion,2
kroldan@example.org,Accion,5
kroldan@example.org,Comedia,1
kroldan@example.org,Terror,5
kroldan@example.org,Historia,4
kroldan@example.org,Animacion,2
ana-maria88@example.org,Accion,5
ana-maria88@example.org,Documental,5
ana-maria88@example.org,Thriller,3
ana-maria88@example.org,Historia,1
ana-maria88@example.org,Romance,1
marinelena@example.com,Terror,1
marinelena@example.com,Drama,2
marinelena@example.com,Misterio,3
wpichardo@example.net,Ciencia Ficcion,1
wpichardo@example.net,Fantasia,1
wpichardo@example.net,Drama,2
wpichardo@example.net,Documental,2
wpichardo@example.net,Comedia,5
ramosespartaco@example.org,Comedia,4
ramosespartaco@example.org,Ciencia Ficcion,1
acarmona@example.com,Accion,4
acarmona@example.com,Misterio,2
eduardo10@example.org,Deportes,1
eduardo10@example.org,Musical,4
eduardo10@example.org,Terror,1
eduardo10@example.org,Ciencia Ficcion,2
carbajaleva@example.org,Misterio,5
carbajaleva@example.org,Drama,4
carbajaleva@example.org,Ciencia Ficcion,5
carbajaleva@example.org,Animacion,4
antoniachavarria@example.net,Ciencia Ficcion,4
antoniachavarria@example.net,Animacion,1
antoniachavarria@example.net,Thriller,3
trujillotomas@example.com,Accion,2
trujillotomas@example.com,Thriller,1
trujillotomas@example.com,Fantasia,2
trujillotomas@example.com,Comedia,2
israelmerino@example.net,Misterio,2
israelmerino@example.net,Fantasia,5
israelmerino@example.net,Ciencia Ficcion,4
israelmerino@example.net,Romance,3
israelmerino@example.net,Animacion,3
esquivelestela@example.org,Aventura,5
esquivelestela@example.org,Thriller,2
velezmarisela@example.net,Comedia,1
velezmarisela@example.net,Aventura,1
velezmarisela@example.net,Thriller,5
velezmarisela@example.net,Deportes,2
velezmarisela@example.net,Fantasia,3
pedrovazquez@example.net,Drama,1
pedrovazquez@example.net,Aventura,2
pedrovazquez@example.net,Fantasia,4
maria-elenarodriguez@example.net,Historia,4
maria-elenarodriguez@example.net,Comedia,1
maria-elenarodriguez@example.net,Deportes,4
maria-elenarodriguez@example.net,Documental,3
maria-elenarodriguez@example.net,Drama,1
antonia44@example.com,Historia,2
antonia44@example.com,Romance,5
antonia44@example.com,Misterio,5
antonia44@example.com,Musical,1
antonia44@example.com,Animacion,2
zalvarez@example.net,Musical,1
zalvarez@example.net,Thriller,1
zalvarez@example.net,Terror,2
zalvarez@example.net,Misterio,3
uperalta@example.com,Ciencia Ficcion,4
uperalta@example.com,Romance,4
uperalta@example.com,Drama,5
uperalta@example.com,Aventura,2
uperalta@example.com,Animacion,4
elvirajiminez@example.net,Historia,4
elvirajiminez@example.net,Misterio,1
elvirajiminez@example.net,Comedia,5
arturo61@example.org,Aventura,5
arturo61@example.org,Terror,2
arturo61@example.org,Historia,2
arturo61@example.org,Thriller,4
miramontescelia@example.org,Musical,1
miramontescelia@example.org,Documental,5
miramontescelia@example.org,Ciencia Ficcion,3
miramontescelia@example.org,Accion,3
jacintozavala@example.net,Documental,3
jacintozavala@example.net,Fantasia,2
jacintozavala@example.net,Historia,3
avileselvira@example.net,Animacion,4
avileselvira@example.net,Deportes,5
avileselvira@example.net,Ciencia Ficcion,1
caridad25@example.net,Documental,3
caridad25@example.net,Romance,3
caridad25@example.net,Musical,3
caridad25@example.net,Thriller,5
caridad25@example.net,Fantasia,3
josefinaroldan@example.com,Misterio,4
josefinaroldan@example.com,Historia,5
japodaca@example.net,Aventura,3
japodaca@example.net,Comedia,4
japodaca@example.net,Romance,1
hildaguillen@example.org,Terror,4
hildaguillen@example.org,Documental,3
hildaguillen@example.org,Thriller,2
hildaguillen@example.org,Romance,3
hildaguillen@example.org,Comedia,1
marianaarteaga@example.net,Drama,1
marianaarteaga@example.net,Romance,2
maria-luisaalba@example.com,Documental,2
maria-luisaalba@example.com,Ciencia Ficcion,5
maria-luisaalba@example.com,Aventura,1
maria-luisaalba@example.com,Romance,3
perlamarroquin@example.org,Terror,3
perlamarroquin@example.org,Romance,4
perlamarroquin@example.org,Aventura,1
perlamarroquin@example.org,Musical,5
hernanlemus@example.org,Ciencia Ficcion,5
hernanlemus@example.org,Fantasia,1
nfierro@example.org,Animacion,3
nfierro@example.org,Documental,4
hperea@example.org,Deportes,1
hperea@example.org,Terror,1
barelatrinidad@example.net,Ciencia Ficcion,4
barelatrinidad@example.net,Documental,4
lucia23@example.net,Documental,1
lucia23@example.net,Terror,3
lucia23@example.net,Misterio,5
araceli85@example.com,Musical,5
araceli85@example.com,Ciencia Ficcion,4
araceli85@example.com,Comedia,1
araceli85@example.com,Historia,1
araceli85@example.com,Animacion,4
yverdugo@example.com,Fantasia,5
yverdugo@example.com,Comedia,4
yverdugo@example.com,Deportes,4
yverdugo@example.com,Historia,5
ioquendo@example.org,Animacion,3
ioquendo@example.org,Accion,1
ioquendo@example.org,Historia,2
ioquendo@example.org,Aventura,2
ioquendo@example.org,Romance,5
lcamacho@example.net,Misterio,2
lcamacho@example.net,Comedia,1
lcamacho@example.net,Terror,4
lcamacho@example.net,Documental,5
lcamacho@example.net,Animacion,2
abrahamnajera@example.com,Accion,4
abrahamnajera@example.com,Aventura,3
abrahamnajera@example.com,Fantasia,3
abrahamnajera@example.com,Historia,3
fmateo@example.org,Aventura,3
fmateo@example.org,Fantasia,4
abelmurillo@example.org,Misterio,3
abelmurillo@example.org,Musical,2
samador@example.net,Aventura,5
samador@example.net,Ciencia Ficcion,1
lindacarrillo@example.org,Misterio,1
lindacarrillo@example.org,Ciencia Ficcion,1
lindacarrillo@example.org,Terror,5
barriosberta@example.net,Thriller,5
barriosberta@example.net,Drama,3
barriosberta@example.net,Romance,2
barriosberta@example.net,Deportes,5
barriosberta@example.net,Animacion,5
vanesaheredia@example.org,Comedia,1
vanesaheredia@example.org,Documental,3
vanesaheredia@example.org,Accion,2
vanesaheredia@example.org,Terror,4
vanesaheredia@example.org,Aventura,2
leticiaespino@example.net,Musical,1
leticiaespino@example.net,Thriller,4
leticiaespino@example.net,Romance,2
leticiaespino@example.net,Drama,1
leticiaespino@example.net,Historia,2
cuellarana-luisa@example.net,Accion,4
cuellarana-luisa@example.net,Aventura,3
cuellarana-luisa@example.net,Misterio,1
elena87@example.org,Ciencia Ficcion,3
elena87@example.org,Musical,4
elena87@example.org,Fantasia,1
elena87@example.org,Terror,2
julio71@example.org,Fantasia,5
julio71@example.org,Musical,5
julio71@example.org,Documental,3
omaralfaro@example.com,Musical,1
omaralfaro@example.com,Misterio,3
fidellopez@example.org,Thriller,1
fidellopez@example.org,Animacion,1
delia49@example.net,Musical,5
delia49@example.net,Thriller,2
delia49@example.net,Aventura,2
delia49@example.net,Deportes,3
delia49@example.net,Comedia,3
dianaestrada@example.org,Animacion,3
dianaestrada@example.org,Drama,5
dianaestrada@example.org,Ciencia Ficcion,5
riverocecilia@example.org,Historia,5
riverocecilia@example.org,Musical,3
raquelsisneros@example.net,Thriller,1
raquelsisneros@example.net,Accion,5
raquelsisneros@example.net,Musical,2
sofiadelgadillo@example.net,Drama,5
sofiadelgadillo@example.net,Fantasia,3
sofiadelgadillo@example.net,Comedia,5
araceli19@example.com,Thriller,4
araceli19@example.com,Historia,3
urocha@example.net,Historia,4
urocha@example.net,Drama,4
rolandoraya@example.net,Drama,4
rolandoraya@example.net,Ciencia Ficcion,2
rolandoraya@example.net,Romance,1
rolandoraya@example.net,Animacion,2
rolandoraya@example.net,Historia,4
wmora@example.net,Animacion,1
wmora@example.net,Fantasia,4
wmora@example.net,Drama,2
wmora@example.net,Terror,5
iherrera@example.com,Misterio,4
iherrera@example.com,Ciencia Ficcion,5
iherrera@example.com,Animacion,2
ulibarrijose-carlos@example.com,Terror,2
ulibarrijose-carlos@example.com,Animacion,3
ulibarrijose-carlos@example.com,Fantasia,3
ulibarrijose-carlos@example.com,Aventura,5
de-andaandrea@example.net,Historia,2
de-andaandrea@example.net,Misterio,1
de-andaandrea@example.net,Deportes,5
de-andaandrea@example.net,Fantasia,4
elenade-anda@example.org,Comedia,3
elenade-anda@example.org,Accion,5
araceliespinoza@example.com,Fantasia,5
araceliespinoza@example.com,Misterio,5
natalia00@example.net,Terror,3
natalia00@example.net,Deportes,3
natalia00@example.net,Aventura,3
natalia00@example.net,Ciencia Ficcion,4
sara45@example.net,Drama,2
sara45@example.net,Thriller,3
sara45@example.net,Accion,2
sara45@example.net,Historia,4
sara45@example.net,Deportes,5
angela28@example.com,Comedia,1
angela28@example.com,Musical,5
angela28@example.com,Documental,4
uriasalfonso@example.org,Historia,4
uriasalfonso@example.org,Thriller,3
davidbanuelos@example.org,Animacion,2
davidbanuelos@example.org,Terror,3
davidbanuelos@example.org,Deportes,2
davidbanuelos@example.org,Documental,1
davidbanuelos@example.org,Musical,2
evazquez@example.net,Aventura,1
evazquez@example.net,Drama,5
evazquez@example.net,Terror,1
evazquez@example.net,Fantasia,2
evazquez@example.net,Thriller,2
zamudiocristian@example.net,Terror,3
zamudiocristian@example.net,Historia,4
zamudiocristian@example.net,Deportes,1
irizarryesther@example.com,Aventura,2
irizarryesther@example.com,Thriller,2
irizarryesther@example.com,Deportes,5
irizarryesther@example.com,Terror,5
palaciospatricia@example.net,Aventura,4
palaciospatricia@example.net,Animacion,4
palaciospatricia@example.net,Thriller,1
palaciospatricia@example.net,Romance,2
alonsoolivares@example.org,Drama,2
alonsoolivares@example.org,Aventura,1
alonsoolivares@example.org,Ciencia Ficcion,4
alonsoolivares@example.org,Animacion,3
leonelzaragoza@example.net,Ciencia Ficcion,1
leonelzaragoza@example.net,Animacion,1
leonelzaragoza@example.net,Deportes,3
leonelzaragoza@example.net,Accion,2
mateocaridad@example.org,Ciencia Ficcion,2
mateocaridad@example.org,Musical,3
mateocaridad@example.org,Historia,3
furena@example.com,Fantasia,5
furena@example.com,Comedia,3
furena@example.com,Musical,5
furena@example.com,Romance,3
furena@example.com,Ciencia Ficcion,3
matiaszacarias@example.net,Aventura,3
matiaszacarias@example.net,Terror,4
matiaszacarias@example.net,Documental,1
montoyajulio@example.com,Animacion,5
montoyajulio@example.com,Musical,2
montoyajulio@example.com,Drama,3
rociobotello@example.org,Misterio,4
rociobotello@example.org,Animacion,2
rociobotello@example.org,Romance,2
xgalindo@example.net,Drama,3
xgalindo@example.net,Accion,4
xgalindo@example.net,Romance,5
xgalindo@example.net,Terror,2
xgalindo@example.net,Historia,4
jose54@example.org,Accion,2
jose54@example.org,Drama,1
porellana@example.org,Comedia,4
porellana@example.org,Thriller,1
abelardoalcala@example.com,Terror,1
abelardoalcala@example.com,Fantasia,3
gavalos@example.org,Documental,4
gavalos@example.org,Historia,4
gavalos@example.org,Ciencia Ficcion,5
gavalos@example.org,Misterio,3
gavalos@example.org,Animacion,1
tomasmarin@example.org,Drama,4
tomasmarin@example.org,Aventura,3
tomasmarin@example.org,Terror,2
tomasmarin@example.org,Deportes,4
tomasmarin@example.org,Documental,5
inesportillo@example.org,Accion,5
inesportillo@example.org,Deportes,5
monicadel-valle@example.com,Fantasia,5
monicadel-valle@example.com,Romance,2
monicadel-valle@example.com,Historia,3
monicadel-valle@example.com,Deportes,5
monicadel-valle@example.com,Ciencia Ficcion,5
laura55@example.net,Thriller,5
laura55@example.net,Documental,5
laura55@example.net,Accion,3
laura55@example.net,Fantasia,5
rodriquezmartha@example.com,Terror,4
rodriquezmartha@example.com,Romance,2
zvalles@example.org,Documental,1
zvalles@example.org,Comedia,2
zvalles@example.org,Misterio,5
zvalles@example.org,Animacion,2
cynthiahidalgo@example.net,Musical,3
cynthiahidalgo@example.net,Ciencia Ficcion,2
cynthiahidalgo@example.net,Animacion,2
cynthiahidalgo@example.net,Documental,2
marisela97@example.net,Documental,2
marisela97@example.net,Romance,3
marisela97@example.net,Aventura,5
marisela97@example.net,Fantasia,5
marisela97@example.net,Ciencia Ficcion,1
carvajalarcelia@example.net,Documental,4
carvajalarcelia@example.net,Misterio,4
carvajalarcelia@example.net,Historia,2
oterozoe@example.com,Comedia,4
oterozoe@example.com,Aventura,1
oterozoe@example.com,Historia,3
ana-luisa90@example.net,Fantasia,4
ana-luisa90@example.net,Drama,5
ana-luisa90@example.net,Animacion,3
ana-luisa90@example.net,Terror,5
ana-luisa90@example.net,Musical,4
emilianovillalpando@example.net,Accion,5
emilianovillalpando@example.net,Animacion,2
emilianovillalpando@example.net,Historia,2
emilianovillalpando@example.net,Comedia,5
emilianovillalpando@example.net,Ciencia Ficcion,5
lorta@example.org,Animacion,3
lorta@example.org,Musical,2
lorta@example.org,Comedia,5
lorta@example.org,Fantasia,1
marisol57@example.com,Aventura,2
marisol57@example.com,Historia,2
juliaquintana@example.org,Accion,3
juliaquintana@example.org,Terror,1
juliaquintana@example.org,Comedia,2
juliaquintana@example.org,Documental,1
juliaquintana@example.org,Musical,1
molinarolando@example.com,Documental,2
molinarolando@example.com,Aventura,5
molinarolando@example.com,Musical,1
molinarolando@example.com,Animacion,1
rosariomontalvo@example.net,Drama,1
rosariomontalvo@example.net,Fantasia,1
rosariomontalvo@example.net,Historia,3
rosariomontalvo@example.net,Thriller,3
andreaalfaro@example.org,Musical,1
andreaalfaro@example.org,Deportes,5
patricio56@example.com,Historia,4
patricio56@example.com,Comedia,5
patricio56@example.com,Thriller,3
saucedajorge-luis@example.org,Comedia,2
saucedajorge-luis@example.org,Musical,2
saucedajorge-luis@example.org,Animacion,5
maria-del-carmenulloa@example.net,Accion,1
maria-del-carmenulloa@example.net,Comedia,5
maria-del-carmenulloa@example.net,Animacion,2
sduran@example.com,Thriller,2
sduran@example.com,Terror,4
sduran@example.com,Romance,2
mvela@example.org,Thriller,1
mvela@example.org,Musical,3
ymerino@example.org,Animacion,4
ymerino@example.org,Deportes,1
ymerino@example.org,Romance,5
ymerino@example.org,Accion,5
ymerino@example.org,Musical,1
nadia94@example.net,Drama,4
nadia94@example.net,Animacion,2
nadia94@example.net,Accion,3
nadia94@example.net,Musical,1
tcarvajal@example.org,Terror,2
tcarvajal@example.org,Historia,5
marianaquezada@example.net,Comedia,2
marianaquezada@example.net,Fantasia,3
oscar96@example.org,Historia,2
oscar96@example.org,Musical,4
oscar96@example.org,Drama,2
caridadcampos@example.net,Historia,4
caridadcampos@example.net,Animacion,1
aolvera@example.net,Accion,2
aolvera@example.net,Terror,5
aolvera@example.net,Thriller,2
utrujillo@example.com,Misterio,5
utrujillo@example.com,Deportes,2
utrujillo@example.com,Aventura,3
tcervantez@example.com,Misterio,2
tcervantez@example.com,Thriller,2
tcervantez@example.com,Historia,3
tcervantez@example.com,Documental,1
eloisa59@example.com,Fantasia,3
eloisa59@example.com,Romance,5
eloisa59@example.com,Animacion,2
luis97@example.net,Musical,3
luis97@example.net,Animacion,1
lebronlucia@example.org,Ciencia Ficcion,4
lebronlucia@example.org,Deportes,2
dolorespolanco@example.net,Thriller,2
dolorespolanco@example.net,Deportes,1
dolorespolanco@example.net,Aventura,5
dolorespolanco@example.net,Fantasia,3
serafin35@example.net,Musical,1
serafin35@example.net,Deportes,1
serafin35@example.net,Animacion,1
serafin35@example.net,Terror,4
serafin35@example.net,Thriller,2
gutierrezcamila@example.com,Fantasia,2
gutierrezcamila@example.com,Ciencia Ficcion,3
gutierrezcamila@example.com,Drama,2
gutierrezcamila@example.com,Comedia,4
grendon@example.net,Thriller,2
grendon@example.net,Documental,3
dzayas@example.org,Fantasia,5
dzayas@example.org,Romance,3
rperez@example.com,Historia,2
rperez@example.com,Drama,5
rperez@example.com,Musical,3
rperez@example.com,Terror,5
rperez@example.com,Fantasia,3
elsa08@example.net,Aventura,5
elsa08@example.net,Fantasia,1
elsa08@example.net,Romance,3
adan34@example.com,Ciencia Ficcion,2
adan34@example.com,Drama,2
adan34@example.com,Terror,3
britojaqueline@example.net,Drama,1
britojaqueline@example.net,Fantasia,4
britojaqueline@example.net,Thriller,4
britojaqueline@example.net,Documental,5
britojaqueline@example.net,Aventura,4
cresposoledad@example.org,Comedia,1
cresposoledad@example.org,Deportes,1
cresposoledad@example.org,Animacion,2
cresposoledad@example.org,Drama,4
benavidezlucas@example.com,Accion,5
benavidezlucas@example.com,Fantasia,3
ctorres@example.org,Aventura,3
ctorres@example.org,Thriller,4
ctorres@example.org,Documental,2
ctorres@example.org,Misterio,3
felipede-la-torre@example.net,Deportes,5
felipede-la-torre@example.net,Musical,2
fabiolasoliz@example.net,Romance,1
fabiolasoliz@example.net,Deportes,4
fabiolasoliz@example.net,Aventura,3
fabiolasoliz@example.net,Animacion,3
colladojos@example.com,Romance,1
colladojos@example.com,Deportes,5
colladojos@example.com,Comedia,3
colladojos@example.com,Documental,3
veronica87@example.com,Misterio,4
veronica87@example.com,Fantasia,4
veronica87@example.com,Thriller,5
guillermo66@example.com,Aventura,1
guillermo66@example.com,Romance,4
guillermo66@example.com,Misterio,1
ricardo93@example.net,Animacion,3
ricardo93@example.net,Deportes,5
ricardo93@example.net,Comedia,1
jorgeespinoza@example.org,Animacion,1
jorgeespinoza@example.org,Terror,4
jorgeespinoza@example.org,Drama,4
jorgeespinoza@example.org,Deportes,5
jorgeespinoza@example.org,Aventura,2
rosalialimon@example.net,Misterio,2
rosalialimon@example.net,Documental,4
rosalialimon@example.net,Drama,4
yolandaarenas@example.net,Deportes,4
yolandaarenas@example.net,Historia,5
yolandaarenas@example.net,Misterio,3
yolandaarenas@example.net,Terror,3
yolandaarenas@example.net,Animacion,3
alvarobeltran@example.com,Documental,3
alvarobeltran@example.com,Aventura,5
citlali92@example.com,Romance,3
citlali92@example.com,Drama,3
solizporfirio@example.com,Animacion,5
solizporfirio@example.com,Drama,3
solizporfirio@example.com,Fantasia,3
solizporfirio@example.com,Ciencia Ficcion,3
padillamaria-teresa@example.org,Thriller,1
padillamaria-teresa@example.org,Ciencia Ficcion,4
padillamaria-teresa@example.org,Historia,1
kponce@example.org,Musical,2
kponce@example.org,Aventura,2
kponce@example.org,Misterio,2
kponce@example.org,Romance,2
kponce@example.org,Drama,4
robledoirma@example.org,Historia,2
robledoirma@example.org,Animacion,5
robledoirma@example.org,Drama,4
robledoirma@example.org,Thriller,4
robledoirma@example.org,Terror,1
montoyacaridad@example.net,Animacion,4
montoyacaridad@example.net,Accion,3
montoyacaridad@example.net,Terror,3
montoyacaridad@example.net,Musical,3
montoyacaridad@example.net,Documental,4
tellezteresa@example.net,Drama,3
tellezteresa@example.net,Documental,1
tellezteresa@example.net,Animacion,5
rolando46@example.net,Ciencia Ficcion,2
rolando46@example.net,Historia,3
rolando46@example.net,Animacion,2
rolando46@example.net,Misterio,1
ngarcia@example.org,Aventura,1
ngarcia@example.org,Fantasia,1
nmontemayor@example.org,Musical,1
nmontemayor@example.org,Deportes,3
nmontemayor@example.org,Comedia,2
nmontemayor@example.org,Documental,4
trujillomaria-jose@example.org,Terror,1
trujillomaria-jose@example.org,Musical,4
reynaldo67@example.net,Ciencia Ficcion,2
reynaldo67@example.net,Fantasia,5
benavidezursula@example.org,Romance,4
benavidezursula@example.org,Accion,1
zaragozasandra@example.com,Romance,3
zaragozasandra@example.com,Animacion,2
zaragozasandra@example.com,Deportes,4
zaragozasandra@example.com,Ciencia Ficcion,2
zaragozasandra@example.com,Fantasia,5
aldoanaya@example.com,Animacion,1
aldoanaya@example.com,Fantasia,3
mario54@example.com,Romance,5
mario54@example.com,Deportes,2
mario54@example.com,Drama,5
madridcarlota@example.org,Deportes,1
madridcarlota@example.org,Misterio,2
amadorreynoso@example.net,Fantasia,1
amadorreynoso@example.net,Deportes,4
amadorreynoso@example.net,Historia,1
amadorreynoso@example.net,Accion,3
amadorreynoso@example.net,Terror,1
galvanjaqueline@example.net,Deportes,3
galvanjaqueline@example.net,Accion,3
ialfaro@example.net,Romance,4
ialfaro@example.net,Comedia,1
ialfaro@example.net,Ciencia Ficcion,2
robledoirma@example.net,Thriller,2
robledoirma@example.net,Accion,2
robledoirma@example.net,Drama,5
robledoirma@example.net,Romance,1
robledoirma@example.net,Musical,3
eugenio67@example.net,Ciencia Ficcion,2
eugenio67@example.net,Aventura,3
eugenio67@example.net,Historia,1
alonso04@example.org,Romance,2
alonso04@example.org,Fantasia,5
alonso04@example.org,Terror,3
alonso04@example.org,Animacion,1
xarguello@example.net,Deportes,4
xarguello@example.net,Misterio,3
trinidad80@example.com,Documental,5
trinidad80@example.com,Drama,1
trinidad80@example.com,Deportes,5
trinidad80@example.com,Comedia,3
trinidad80@example.com,Accion,3
guadalupe79@example.org,Musical,1
guadalupe79@example.org,Historia,5
guadalupe79@example.org,Accion,1
guadalupe79@example.org,Drama,3
guadalupe79@example.org,Fantasia,5
rosarioraul@example.com,Animacion,3
rosarioraul@example.com,Deportes,3
rosarioraul@example.com,Romance,2
rosarioraul@example.com,Musical,3
rosarioraul@example.com,Accion,3
olivoserafin@example.com,Historia,1
olivoserafin@example.com,Deportes,2
olivoserafin@example.com,Accion,5
olivoserafin@example.com,Romance,3
olivoserafin@example.com,Comedia,4
roberto52@example.net,Historia,2
roberto52@example.net,Romance,1
roberto52@example.net,Ciencia Ficcion,4
roberto52@example.net,Deportes,5
fidel98@example.net,Thriller,5
fidel98@example.net,Historia,4
fidel98@example.net,Aventura,4
fidel98@example.net,Deportes,4
fidel98@example.net,Musical,1
lorenavergara@example.com,Aventura,1
lorenavergara@example.com,Animacion,4
lorenavergara@example.com,Historia,1
lorenavergara@example.com,Misterio,4
lorenavergara@example.com,Comedia,3
esmeraldamatos@example.org,Accion,2
esmeraldamatos@example.org,Misterio,1
claudioescalante@example.org,Comedia,1
claudioescalante@example.org,Documental,4
claudioescalante@example.org,Accion,3
cesar71@example.com,Terror,1
cesar71@example.com,Accion,1
bernardocuriel@example.org,Deportes,1
bernardocuriel@example.org,Historia,4
bernardocuriel@example.org,Misterio,3
reinagarrido@example.net,Historia,2
reinagarrido@example.net,Documental,3
calfaro@example.net,Animacion,1
calfaro@example.net,Accion,5
calfaro@example.net,Comedia,4
calfaro@example.net,Misterio,2
karinaraya@example.com,Comedia,2
karinaraya@example.com,Historia,2
karinaraya@example.com,Thriller,2
lucasabrego@example.com,Deportes,2
lucasabrego@example.com,Thriller,4
lucasabrego@example.com,Romance,3
lucasabrego@example.com,Accion,2
lucasabrego@example.com,Aventura,2
armandodelgadillo@example.com,Misterio,4
armandodelgadillo@example.com,Deportes,2
armandodelgadillo@example.com,Documental,2
armandodelgadillo@example.com,Comedia,1
armandodelgadillo@example.com,Animacion,3
svalenzuela@example.org,Historia,5
svalenzuela@example.org,Romance,4
lozadaserafin@example.org,Misterio,5
lozadaserafin@example.org,Documental,3
lozadaserafin@example.org,Historia,3
lozadaserafin@example.org,Ciencia Ficcion,4
xnegrete@example.net,Comedia,5
xnegrete@example.net,Deportes,3
xnegrete@example.net,Thriller,4
xnegrete@example.net,Drama,1
uherrera@example.net,Ciencia Ficcion,2
uherrera@example.net,Comedia,4
uherrera@example.net,Romance,1
arandacaridad@example.org,Animacion,2
arandacaridad@example.org,Thriller,2
mariano28@example.com,Musical,2
mariano28@example.com,Misterio,3
mariano28@example.com,Animacion,5
mariano28@example.com,Documental,3
gonzalezamalia@example.org,Drama,5
gonzalezamalia@example.org,Documental,3
gonzalezamalia@example.org,Accion,1
isabela95@example.org,Deportes,2
isabela95@example.org,Aventura,5
isabela95@example.org,Musical,1
esparzajaime@example.net,Animacion,4
esparzajaime@example.net,Romance,2
esparzajaime@example.net,Thriller,3
pvaca@example.net,Historia,1
pvaca@example.net,Accion,1
pvaca@example.net,Aventura,4
pvaca@example.net,Terror,3
pvaca@example.net,Misterio,4
uortega@example.org,Fantasia,5
uortega@example.org,Historia,3
uortega@example.org,Drama,1
uortega@example.org,Animacion,1
uortega@example.org,Ciencia Ficcion,2
badillopatricia@example.com,Misterio,3
badillopatricia@example.com,Documental,1
enieves@example.com,Misterio,4
enieves@example.com,Documental,3
enieves@example.com,Historia,4
enieves@example.com,Animacion,4
enieves@example.com,Musical,5
jmalave@example.org,Romance,3
jmalave@example.org,Thriller,3
jmalave@example.org,Documental,4
marisol66@example.com,Deportes,1
marisol66@example.com,Terror,4
marisol66@example.com,Misterio,3
marisol66@example.com,Fantasia,1
prubio@example.com,Fantasia,1
prubio@example.com,Accion,4
jose-eduardocovarrubias@example.org,Musical,1
jose-eduardocovarrubias@example.org,Animacion,1
jose-eduardocovarrubias@example.org,Accion,5
jose-eduardocovarrubias@example.org,Ciencia Ficcion,3
jose-eduardocovarrubias@example.org,Deportes,2
felixbueno@example.com,Accion,1
felixbueno@example.com,Historia,4
felixbueno@example.com,Deportes,1
felixbueno@example.com,Musical,3
harofabiola@example.com,Terror,4
harofabiola@example.com,Accion,3
harofabiola@example.com,Misterio,5
harofabiola@example.com,Deportes,5
palomogabino@example.com,Comedia,3
palomogabino@example.com,Thriller,5
palomogabino@example.com,Aventura,4
zulloa@example.net,Musical,2
zulloa@example.net,Romance,5
carreroeduardo@example.org,Drama,5
carreroeduardo@example.org,Historia,4
carreroeduardo@example.org,Thriller,2
carreroeduardo@example.org,Deportes,3
carreroeduardo@example.org,Comedia,5
roldanadan@example.net,Musical,4
roldanadan@example.net,Comedia,3
roldanadan@example.net,Deportes,2
velizemilia@example.com,Deportes,3
velizemilia@example.com,Thriller,4
lovatogeorgina@example.org,Romance,2
lovatogeorgina@example.org,Musical,4
lovatogeorgina@example.org,Fantasia,4
olveraandres@example.com,Deportes,4
olveraandres@example.com,Drama,3
rivasesparta@example.org,Terror,4
rivasesparta@example.org,Aventura,1
rivasesparta@example.org,Accion,2
rivasesparta@example.org,Ciencia Ficcion,3
menchacacarlota@example.com,Aventura,4
menchacacarlota@example.com,Ciencia Ficcion,5
menchacacarlota@example.com,Romance,4
menchacacarlota@example.com,Fantasia,5
saldananayeli@example.net,Terror,1
saldananayeli@example.net,Historia,3
talejandro@example.net,Deportes,1
talejandro@example.net,Aventura,4
talejandro@example.net,Animacion,3
talejandro@example.net,Romance,4
talejandro@example.net,Musical,4
laura68@example.com,Fantasia,4
laura68@example.com,Comedia,5
laura68@example.com,Accion,2
alicia83@example.com,Animacion,1
alicia83@example.com,Accion,1
kcavazos@example.com,Fantasia,2
kcavazos@example.com,Drama,2
kcavazos@example.com,Ciencia Ficcion,1
arevalovirginia@example.com,Terror,1
arevalovirginia@example.com,Drama,2
arevalovirginia@example.com,Fantasia,1
maximiliano19@example.net,Misterio,3
maximiliano19@example.net,Musical,2
maximiliano19@example.net,Terror,3
mauriciopaez@example.com,Drama,3
mauriciopaez@example.com,Thriller,1
mauriciopaez@example.com,Romance,1
alonsodaniela@example.com,Thriller,5
alonsodaniela@example.com,Drama,2
alonsodaniela@example.com,Romance,3
alonsodaniela@example.com,Misterio,1
mguardado@example.com,Ciencia Ficcion,1
mguardado@example.com,Aventura,1
amador41@example.net,Aventura,2
amador41@example.net,Accion,3
florenciacuellar@example.org,Musical,1
florenciacuellar@example.org,Ciencia Ficcion,5
florenciacuellar@example.org,Terror,4
tromo@example.org,Romance,5
tromo@example.org,Terror,3
maciasarmando@example.net,Fantasia,3
maciasarmando@example.net,Thriller,2
maciasarmando@example.net,Animacion,5
david33@example.com,Ciencia Ficcion,3
david33@example.com,Accion,5
david33@example.com,Misterio,4
david33@example.com,Fantasia,3
jeronimovelasquez@example.org,Ciencia Ficcion,5
jeronimovelasquez@example.org,Misterio,3
jeronimovelasquez@example.org,Fantasia,2
cecilia60@example.com,Comedia,2
cecilia60@example.com,Musical,3
zde-la-rosa@example.org,Fantasia,5
zde-la-rosa@example.org,Thriller,1
zde-la-rosa@example.org,Aventura,3
zde-la-rosa@example.org,Historia,1
zde-la-rosa@example.org,Misterio,4
solorzanosonia@example.net,Deportes,1
solorzanosonia@example.net,Animacion,2
solorzanosonia@example.net,Ciencia Ficcion,2
solorzanosonia@example.net,Misterio,2
solorzanosonia@example.net,Romance,4
peresguillermina@example.net,Romance,1
peresguillermina@example.net,Ciencia Ficcion,2
peresguillermina@example.net,Drama,5
maria-eugenia18@example.net,Animacion,5
maria-eugenia18@example.net,Aventura,4
maria-eugenia18@example.net,Ciencia Ficcion,3
luis-manuelvillanueva@example.net,Misterio,1
luis-manuelvillanueva@example.net,Aventura,5
helena55@example.org,Comedia,1
helena55@example.org,Deportes,1
helena55@example.org,Thriller,2
helena55@example.org,Musical,5
tejadaestela@example.com,Historia,5
tejadaestela@example.com,Accion,5
tejadaestela@example.com,Fantasia,4
montanorocio@example.net,Ciencia Ficcion,4
montanorocio@example.net,Drama,5
covarrubiasrafael@example.org,Misterio,4
covarrubiasrafael@example.org,Deportes,4
covarrubiasrafael@example.org,Documental,1
covarrubiasrafael@example.org,Historia,5
mauriciomontalvo@example.net,Musical,3
mauriciomontalvo@example.net,Fantasia,1
mauriciomontalvo@example.net,Terror,1
franciscocordero@example.org,Thriller,5
franciscocordero@example.org,Animacion,4
franciscocordero@example.org,Comedia,5
franciscocordero@example.org,Terror,3
wendolin85@example.net,Musical,1
wendolin85@example.net,Terror,3
wendolin85@example.net,Romance,3
wendolin85@example.net,Documental,2
dalia99@example.com,Fantasia,5
dalia99@example.com,Historia,1
bermudezeloisa@example.com,Terror,5
bermudezeloisa@example.com,Romance,2
bermudezeloisa@example.com,Drama,4
bermudezeloisa@example.com,Animacion,1
bermudezeloisa@example.com,Deportes,4
mnieves@example.net,Fantasia,3
mnieves@example.net,Historia,5
rubengarica@example.org,Drama,3
rubengarica@example.org,Thriller,3
rubengarica@example.org,Musical,4
rubengarica@example.org,Misterio,3
isaac69@example.net,Drama,2
isaac69@example.net,Aventura,1
isaac69@example.net,Romance,5
isaac69@example.net,Accion,1
chavezteresa@example.net,Deportes,4
chavezteresa@example.net,Misterio,1
chavezteresa@example.net,Terror,1
chavezteresa@example.net,Romance,2
sde-la-torre@example.org,Terror,3
sde-la-torre@example.org,Accion,1
zoe26@example.org,Documental,4
zoe26@example.org,Ciencia Ficcion,3
zoe26@example.org,Drama,3
zoe26@example.org,Aventura,3
zoe26@example.org,Thriller,2
claudio32@example.net,Documental,1
claudio32@example.net,Accion,5
claudio32@example.net,Terror,2
zunigabenjamin@example.org,Misterio,2
zunigabenjamin@example.org,Fantasia,2
eva73@example.org,Thriller,2
eva73@example.org,Historia,1
eva73@example.org,Misterio,1
eva73@example.org,Musical,4
eva73@example.org,Comedia,5
soledadolvera@example.com,Romance,2
soledadolvera@example.com,Terror,4
soledadolvera@example.com,Comedia,1
soledadolvera@example.com,Misterio,2
caraballoesperanza@example.org,Fantasia,2
caraballoesperanza@example.org,Misterio,4
bravoursula@example.org,Terror,1
bravoursula@example.org,Misterio,5
bravoursula@example.org,Documental,1
bravoursula@example.org,Accion,2
bravoursula@example.org,Animacion,4
carrascodiana@example.org,Drama,3
carrascodiana@example.org,Animacion,3
carrascodiana@example.org,Deportes,1
carrascodiana@example.org,Fantasia,5
ybueno@example.com,Accion,5
ybueno@example.com,Historia,1
ybueno@example.com,Terror,4
ybueno@example.com,Documental,3
ybueno@example.com,Thriller,3
elvira75@example.com,Accion,5
elvira75@example.com,Fantasia,2
elvira75@example.com,Deportes,3
elvira75@example.com,Thriller,2
elvira75@example.com,Terror,4
rolando79@example.net,Romance,4
rolando79@example.net,Misterio,5
sandra88@example.com,Romance,1
sandra88@example.com,Animacion,1
sandra88@example.com,Terror,1
sandra88@example.com,Aventura,2
raulperalta@example.org,Thriller,3
raulperalta@example.org,Accion,5
velazquezjose-maria@example.com,Accion,4
velazquezjose-maria@example.com,Thriller,5
velazquezjose-maria@example.com,Comedia,5
velazquezjose-maria@example.com,Deportes,3
jacintomontemayor@example.com,Thriller,4
jacintomontemayor@example.com,Deportes,5
jacintomontemayor@example.com,Comedia,1
jacintomontemayor@example.com,Documental,3
modesto72@example.org,Animacion,3
modesto72@example.org,Historia,5
modesto72@example.org,Thriller,2
modesto72@example.org,Comedia,3
modesto72@example.org,Misterio,5
sessasegura@example.org,Comedia,3
sessasegura@example.org,Musical,4
penadavid@example.com,Thriller,1
penadavid@example.com,Misterio,4
penadavid@example.com,Comedia,5
penadavid@example.com,Musical,4
ualtamirano@example.com,Accion,1
ualtamirano@example.com,Deportes,1
ualtamirano@example.com,Thriller,5
ualtamirano@example.com,Aventura,4
ualtamirano@example.com,Fantasia,5
casasnayeli@example.org,Historia,1
casasnayeli@example.org,Terror,1
anaranjo@example.net,Aventura,4
anaranjo@example.net,Terror,5
anaranjo@example.net,Fantasia,4
anaranjo@example.net,Comedia,3
anaranjo@example.net,Romance,2
geronimosuarez@example.org,Romance,5
geronimosuarez@example.org,Historia,2
geronimosuarez@example.org,Comedia,2
geronimosuarez@example.org,Thriller,4
saenzelisa@example.org,Comedia,2
saenzelisa@example.org,Ciencia Ficcion,1
saenzelisa@example.org,Thriller,2
saenzelisa@example.org,Drama,3
victorcardenas@example.org,Documental,2
victorcardenas@example.org,Aventura,3
victorcardenas@example.org,Terror,4
victorcardenas@example.org,Fantasia,2
fmadrigal@example.org,Romance,3
fmadrigal@example.org,Accion,1
fmadrigal@example.org,Terror,2
fmadrigal@example.org,Musical,4
vresendez@example.com,Deportes,1
vresendez@example.com,Terror,3
vresendez@example.com,Accion,4
pornelas@example.com,Misterio,5
pornelas@example.com,Comedia,1
pornelas@example.com,Drama,4
rolandorobledo@example.net,Animacion,4
rolandorobledo@example.net,Historia,3
rolandorobledo@example.net,Terror,2
rolandorobledo@example.net,Musical,3
gescamilla@example.org,Fantasia,5
gescamilla@example.org,Accion,1
gescamilla@example.org,Comedia,5
valentinpamela@example.net,Terror,5
valentinpamela@example.net,Thriller,1
valentinpamela@example.net,Deportes,5
avaloscecilia@example.net,Terror,5
avaloscecilia@example.net,Aventura,4
zamorafrancisco-javier@example.net,Deportes,1
zamorafrancisco-javier@example.net,Misterio,2
zamorafrancisco-javier@example.net,Documental,2
zamorafrancisco-javier@example.net,Animacion,3
zamorafrancisco-javier@example.net,Accion,3
yuridiavillagomez@example.com,Thriller,3
yuridiavillagomez@example.com,Documental,5
yuridiavillagomez@example.com,Fantasia,3
yuridiavillagomez@example.com,Misterio,5
juan-carlos01@example.net,Musical,3
juan-carlos01@example.net,Thriller,5
juan-carlos01@example.net,Romance,1
juan-carlos01@example.net,Ciencia Ficcion,3
emilio29@example.org,Accion,3
emilio29@example.org,Comedia,4
emilio29@example.org,Ciencia Ficcion,5
emilio29@example.org,Aventura,1
emilio29@example.org,Animacion,4
merinoabelardo@example.net,Aventura,3
merinoabelardo@example.net,Misterio,2
peraltacamila@example.com,Aventura,5
peraltacamila@example.com,Comedia,3
peraltacamila@example.com,Romance,5
olgaverduzco@example.net,Romance,1
olgaverduzco@example.net,Historia,4
olgaverduzco@example.net,Drama,1
olgaverduzco@example.net,Fantasia,3
olgaverduzco@example.net,Thriller,1
gerardode-la-garza@example.com,Fantasia,1
gerardode-la-garza@example.com,Thriller,5
gerardode-la-garza@example.com,Romance,3
silvia83@example.net,Ciencia Ficcion,3
silvia83@example.net,Aventura,5
silvia83@example.net,Accion,5
silvia83@example.net,Misterio,3
silvia83@example.net,Romance,2
acervantez@example.org,Deportes,3
acervantez@example.org,Drama,1
acervantez@example.org,Misterio,2
acervantez@example.org,Romance,1
acervantez@example.org,Comedia,2
gomezeugenio@example.net,Aventura,3
gomezeugenio@example.net,Romance,1
gomezeugenio@example.net,Deportes,1
mariolimon@example.net,Comedia,1
mariolimon@example.net,Deportes,1
mariolimon@example.net,Accion,5
ksantacruz@example.com,Thriller,5
ksantacruz@example.com,Drama,5
ksantacruz@example.com,Fantasia,3
isaacrico@example.com,Musical,4
isaacrico@example.com,Romance,3
isaacrico@example.com,Ciencia Ficcion,1
maresmaria-luisa@example.net,Documental,3
maresmaria-luisa@example.net,Terror,2
maresmaria-luisa@example.net,Ciencia Ficcion,4
maresmaria-luisa@example.net,Deportes,4
romerogilberto@example.org,Drama,3
romerogilberto@example.org,Aventura,3
romerogilberto@example.org,Ciencia Ficcion,5
benavidespablo@example.org,Accion,4
benavidespablo@example.org,Musical,5
ramirosalcido@example.net,Musical,1
ramirosalcido@example.net,Drama,4
ramirosalcido@example.net,Accion,5
maria-elenavillanueva@example.com,Drama,2
maria-elenavillanueva@example.com,Fantasia,5
maria-elenavillanueva@example.com,Accion,3
baezahilda@example.org,Thriller,2
baezahilda@example.org,Deportes,2
jaqueline93@example.org,Misterio,3
jaqueline93@example.org,Drama,5
jaqueline93@example.org,Historia,1
jaqueline93@example.org,Comedia,5
jaqueline93@example.org,Documental,4
galvezjose-eduardo@example.net,Thriller,3
galvezjose-eduardo@example.net,Documental,1
galvezjose-eduardo@example.net,Fantasia,5
