titulo,genero
El ultimo viaje,Comedia
Sombras del pasado,Romance
La gran aventura,Fantasia
Codigo rojo,Misterio
Entre dos mundos,Thriller
Entre dos mundos,Drama
Entre dos mundos,Documental
El despertar,Fantasia
El despertar,Deportes
El despertar,Misterio
La tormenta perfecta,Deportes
La tormenta perfecta,Animacion
Mas alla del horizonte,Terror
Mas alla del horizonte,Accion
El secreto del lago,Thriller
El secreto del lago,Terror
El secreto del lago,Animacion
Voces en la oscuridad,Ciencia Ficcion
Voces en la oscuridad,Terror
Voces en la oscuridad,Fantasia
El guardian eterno,Animacion
La caida,Misterio
La caida,Drama
La caida,Accion
Tiempo prestado,Romance
El ultimo testigo,Terror
Luz y oscuridad,Fantasia
Luz y oscuridad,Comedia
Luz y oscuridad,Ciencia Ficcion
El regreso,Terror
El regreso,Deportes
El regreso,Misterio
La promesa rota,Documental
La promesa rota,Historia
La promesa rota,Drama
En el limite,Musical
En el limite,Historia
El camino perdido,Comedia
El camino perdido,Terror
El camino perdido,Ciencia Ficcion
La verdad oculta,Comedia
La verdad oculta,Terror
La verdad oculta,Musical
Sin salida,Ciencia Ficcion
Sin salida,Fantasia
Sin salida,Thriller
El precio de la gloria,Thriller
El precio de la gloria,Deportes
El precio de la gloria,Animacion
Fragmentos,Accion
Fragmentos,Drama
La decision,Historia
La decision,Documental
La decision,Musical
El ultimo heroe,Misterio
El ultimo heroe,Ciencia Ficcion
El ultimo heroe,Drama
Mas fuerte que el destino,Fantasia
Mas fuerte que el destino,Drama
La noche infinita,Ciencia Ficcion
La noche infinita,Historia
Origen,Historia
El peso del silencio,Romance
El peso del silencio,Documental
El peso del silencio,Animacion
La frontera,Animacion
Renacimiento,Misterio
Renacimiento,Historia
El eco del pasado,Thriller
El eco del pasado,Accion
El eco del pasado,Animacion
La ultima oportunidad,Aventura
La ultima oportunidad,Documental
Sueños rotos,Animacion
El laberinto,Misterio
El laberinto,Fantasia
El laberinto,Historia
La batalla final,Documental
La batalla final,Ciencia Ficcion
Instinto,Accion
El prisionero,Deportes
El prisionero,Aventura
La sombra del mal,Ciencia Ficcion
La sombra del mal,Deportes
Conexion fatal,Historia
Conexion fatal,Romance
El elegido,Musical
El elegido,Comedia
El elegido,Terror
Mas alla del bien,Drama
Mas alla del bien,Historia
Mas alla del bien,Musical
La trampa,Accion
La trampa,Terror
La trampa,Deportes
El punto de quiebre,Accion
Sangre fria,Historia
El espejo roto,Terror
El espejo roto,Thriller
La redencion,Drama
Tierra de nadie,Misterio
El horizonte perdido,Aventura
El horizonte perdido,Romance
La conspiración,Ciencia Ficcion
La conspiración,Thriller
Doble identidad,Accion
Doble identidad,Historia
El umbral,Documental
El umbral,Animacion
El umbral,Musical
Fuera de control,Misterio
Fuera de control,Documental
Fuera de control,Historia
La señal,Historia
La señal,Misterio
La señal,Documental
El ultimo acto,Animacion
El ultimo acto,Aventura
Tormenta de fuego,Thriller
Tormenta de fuego,Accion
La herencia maldita,Comedia
La herencia maldita,Animacion
Punto ciego,Accion
Punto ciego,Historia
El cazador,Accion
La maldicion,Accion
La maldicion,Aventura
La maldicion,Terror
Sin rastro,Romance
El codigo olvidado,Comedia
La venganza,Ciencia Ficcion
La venganza,Documental
La venganza,Misterio
Oscuridad total,Documental
El infiltrado,Ciencia Ficcion
La zona roja,Thriller
Colapso,Comedia
Colapso,Deportes
El testigo silencioso,Musical
El testigo silencioso,Fantasia
La fuga,Romance
La fuga,Fantasia
Abismo,Documental
El oraculo,Drama
La marca del diablo,Deportes
La marca del diablo,Fantasia
Impacto,Thriller
El ultimo recurso,Aventura
La pesadilla,Musical
La pesadilla,Ciencia Ficcion
Zona de guerra,Misterio
El legado,Historia
El legado,Documental
El legado,Misterio
La trampa mortal,Romance
La trampa mortal,Deportes
Detonacion,Animacion
Detonacion,Misterio
El tiempo se acaba,Documental
El tiempo se acaba,Romance
El tiempo se acaba,Fantasia
La oscuridad interior,Accion
La oscuridad interior,Comedia
Furia imparable,Fantasia
Furia imparable,Deportes
Furia imparable,Ciencia Ficcion
El punto final,Terror
El punto final,Animacion
La amenaza,Terror
Sin identidad,Aventura
El precio del poder,Fantasia
El precio del poder,Terror
El precio del poder,Drama
La caida libre,Romance
La caida libre,Historia
La caida libre,Fantasia
Explosion,Deportes
El juego mortal,Musical
El juego mortal,Terror
La red,Comedia
Bajo cero,Misterio
Bajo cero,Musical
El silencio roto,Thriller
El silencio roto,Ciencia Ficcion
El silencio roto,Drama
La ultima frontera,Ciencia Ficcion
La ultima frontera,Deportes
Sombra y luz,Musical
Sombra y luz,Accion
El destino marcado,Fantasia
La fuerza del mal,Documental
La fuerza del mal,Terror
Colision,Ciencia Ficcion
Colision,Misterio
Colision,Documental
El guerrero,Deportes
La verdad prohibida,Accion
La verdad prohibida,Comedia
Zona de peligro,Animacion
Zona de peligro,Drama
Zona de peligro,Aventura
El infierno verde,Deportes
La persecucion,Musical
Torbellino,Ciencia Ficcion
La segunda oportunidad,Animacion
La segunda oportunidad,Musical
Sin memoria,Thriller
El proyecto secreto,Historia
El proyecto secreto,Animacion
El proyecto secreto,Aventura
La cadena rota,Animacion
La cadena rota,Thriller
La cadena rota,Aventura
Insurreccion,Fantasia
El ladrón de sueños,Comedia
El ladrón de sueños,Historia
La profecia,Fantasia
Cero absoluto,Romance
Cero absoluto,Aventura
Cero absoluto,Terror
El guardian,Misterio
El guardian,Drama
El guardian,Terror
La mente oscura,Accion
La mente oscura,Misterio
Desolacion,Misterio
Desolacion,Historia
Desolacion,Terror
El ultimo comando,Terror
La isla perdida,Romance
La isla perdida,Documental
Sin piedad,Historia
Sin piedad,Aventura
Sin piedad,Ciencia Ficcion
El cruce,Drama
La tela de araña,Comedia
La tela de araña,Drama
Evasion total,Thriller
El monstruo interior,Documental
El monstruo interior,Comedia
El monstruo interior,Drama
La guerra fria,Terror
La guerra fria,Animacion
La guerra fria,Romance
Punto de no retorno,Aventura
El enviado,Ciencia Ficcion
El enviado,Drama
La venganza perfecta,Thriller
Caos total,Historia
Caos total,Romance
El vigilante,Fantasia
La clave perdida,Accion
La clave perdida,Misterio
Sin escape,Aventura
Sin escape,Thriller
El vacio,Fantasia
El vacio,Animacion
La sombra del pasado,Thriller
Colisión de mundos,Comedia
Colisión de mundos,Documental
Colisión de mundos,Romance
El ultimo susurro,Terror
El ultimo susurro,Thriller
El ultimo susurro,Fantasia
La bestia,Deportes
La bestia,Romance
La bestia,Accion
Territorio enemigo,Documental
Territorio enemigo,Accion
El riesgo calculado,Documental
El riesgo calculado,Misterio
El riesgo calculado,Accion
La oscuridad eterna,Fantasia
La oscuridad eterna,Romance
La oscuridad eterna,Aventura
Fuga imposible,Drama
Fuga imposible,Animacion
El precio de la verdad,Terror
El precio de la verdad,Aventura
El precio de la verdad,Ciencia Ficcion
La señal perdida,Thriller
Sin retorno,Misterio
Sin retorno,Musical
Sin retorno,Deportes
El despertador,Fantasia
El despertador,Thriller
La alianza,Comedia
Implosion,Aventura
El mensajero,Misterio
La rueda del destino,Ciencia Ficcion
Punto critico,Thriller
El ultimo grito,Accion
El ultimo grito,Misterio
La sombra del futuro,Fantasia
Sin fronteras,Thriller
Sin fronteras,Deportes
El error fatal,Comedia
El error fatal,Accion
La noche de los lobos,Deportes
La noche de los lobos,Drama
Zona prohibida,Romance
El cazador de almas,Musical
El cazador de almas,Documental
La espiral,Animacion
La espiral,Drama
La espiral,Romance
Derrumbe,Accion
El tercer ojo,Terror
La ultima batalla,Fantasia
La ultima batalla,Ciencia Ficcion
Sin cuartel,Aventura
El abismo oscuro,Musical
La caja de pandora,Documental
La caja de pandora,Terror
La caja de pandora,Deportes
Golpe mortal,Thriller
El testamento,Historia
El testamento,Thriller
El testamento,Misterio
La maquina del tiempo,Thriller
La maquina del tiempo,Drama
La maquina del tiempo,Animacion
Sin salida aparente,Thriller
Sin salida aparente,Fantasia
Sin salida aparente,Misterio
El poder oculto,Terror
La amenaza silenciosa,Comedia
Descenso,Historia
El ultimo dia,Ciencia Ficcion
El ultimo dia,Romance
El ultimo dia,Historia
La fuerza interior,Documental
La fuerza interior,Terror
Sin tregua,Aventura
Sin tregua,Ciencia Ficcion
El maestro del engano,Accion
La trampa final,Ciencia Ficcion
La trampa final,Thriller
La trampa final,Documental
Combustion,Drama
Combustion,Documental
El observador,Ciencia Ficcion
El observador,Thriller
La red de mentiras,Thriller
La red de mentiras,Accion
Sin identidad conocida,Animacion
Sin identidad conocida,Historia
Sin identidad conocida,Thriller
El ultimo paso,Musical
El ultimo paso,Terror
La noche sin fin,Musical
La noche sin fin,Accion
La noche sin fin,Ciencia Ficcion
Fractura,Accion
El espiritu guerrero,Drama
El espiritu guerrero,Fantasia
La zona gris,Fantasia
Sin piedad ni gloria,Documental
Sin piedad ni gloria,Thriller
El codigo negro,Thriller
La ultima esperanza,Thriller
La ultima esperanza,Aventura
La ultima esperanza,Accion
Tormenta interior,Terror
Tormenta interior,Thriller
Tormenta interior,Ciencia Ficcion
El regreso del mal,Romance
El regreso del mal,Fantasia
El regreso del mal,Musical
La conexion,Historia
La conexion,Drama
La conexion,Romance
Sin nombre,Animacion
Sin nombre,Accion
Sin nombre,Fantasia
El doble juego,Historia
El doble juego,Documental
La fuerza del destino,Musical
Impacto final,Animacion
Impacto final,Ciencia Ficcion
Impacto final,Musical
El mundo al reves,Misterio
La guerra de sombras,Drama
La guerra de sombras,Comedia
Punto sin retorno,Ciencia Ficcion
El espejo oscuro,Musical
La voz del silencio,Musical
La voz del silencio,Thriller
Sin limite,Ciencia Ficcion
Sin limite,Animacion
El cazador solitario,Ciencia Ficcion
La herida abierta,Aventura
La herida abierta,Drama
La herida abierta,Accion
