titulo,anio,duracion,sinopsis
El ultimo viaje,2016,173,Facilis deleniti non fugiat. Blanditiis fugiat architecto deleniti. Omnis laborum dolor accusamus.
Sombras del pasado,2004,150,"Aliquam qui facilis repudiandae. Nam blanditiis perferendis fuga consectetur.
Dolore suscipit tenetur tenetur. Esse praesentium quos dolores libero. Aut facere eos ipsam delectus."
La gran aventura,1995,152,Iusto atque atque quasi praesentium. Sunt reprehenderit magnam placeat praesentium reiciendis quo sequi.
Codigo rojo,1997,94,"Repellat neque natus autem rem. Deleniti similique numquam a magnam minus. Molestiae officia esse adipisci perferendis unde.
Sequi inventore eos consectetur dolorem suscipit fugiat."
Entre dos mundos,2011,82,Repellendus qui enim voluptatem magni. Excepturi excepturi deserunt aliquam debitis. Doloribus modi excepturi a doloribus.
El despertar,2005,112,Unde itaque in neque minus distinctio esse numquam. Dicta aliquid ipsa amet illum ducimus.
La tormenta perfecta,2007,92,Vel illo deleniti inventore quam illo et. Ipsum natus molestias enim dolores. Sunt labore porro velit iusto.
Mas alla del horizonte,2018,172,"Quaerat sapiente adipisci qui nihil provident et. Id minus excepturi beatae. Aliquam amet similique eaque ut.
Debitis reprehenderit praesentium temporibus."
El secreto del lago,2017,163,Labore eius magni sapiente id totam voluptas. Corrupti nemo qui exercitationem hic pariatur.
Voces en la oscuridad,2015,140,Quibusdam a sunt vero iure minima praesentium assumenda. Maxime impedit quisquam eveniet perspiciatis in voluptatum eligendi. Suscipit repellat magnam hic laboriosam.
El guardian eterno,2015,121,"Est deserunt rem delectus. Expedita alias ut eligendi similique.
Corporis tempora vero aut quas. Doloremque enim placeat veniam alias."
La caida,1993,121,Accusantium architecto tempora eius officia eaque dolorem. Ut delectus earum non.
Tiempo prestado,2006,139,Rem sunt architecto ad doloribus blanditiis. Sunt voluptates fugiat quae nemo soluta. Repudiandae atque facilis. Doloribus modi quibusdam magnam.
El ultimo testigo,1997,137,"Magnam odit quae quas libero magnam ipsum totam. Porro praesentium unde nisi deserunt qui.
Quas hic voluptate eius. Fuga accusantium maiores recusandae ducimus in natus."
Luz y oscuridad,2024,159,Alias voluptatum quae. Nisi non unde enim aspernatur ab exercitationem totam. Earum nihil quod unde blanditiis nemo eveniet.
El regreso,2017,149,Veritatis iste dolorum et laboriosam neque. Quaerat ipsam autem magni qui aut itaque. Dignissimos repellendus iusto sit consequuntur voluptatem.
La promesa rota,2013,91,Ad vel quia repellendus doloremque. Ullam totam sequi a quas laborum dicta deserunt.
En el limite,2002,96,"Consequatur minus unde deleniti. Molestias veritatis cupiditate tempore officiis assumenda iusto est.
Quas ad iure ullam velit repellendus. Fuga similique earum."
El camino perdido,1996,88,Atque beatae laboriosam veritatis animi magnam ex. Nulla quis voluptate cupiditate. Aperiam autem ipsam voluptas similique quae. Voluptas rerum atque vero ullam modi quo aspernatur.
La verdad oculta,2017,150,Sunt aperiam iste officia illum aliquam recusandae quod. Consequuntur debitis laborum sint quo quos ex. Quis sapiente cumque facilis.
Sin salida,2024,153,Blanditiis dicta itaque ipsa. Iste debitis laudantium dolores architecto amet. Dolorum maiores repudiandae asperiores.
El precio de la gloria,2020,121,"Ut perferendis modi dolore. Explicabo consectetur neque neque.
Ipsa sint voluptatibus repudiandae itaque dolorum. Illo atque facere nihil quis fugiat."
Fragmentos,2020,160,"Id explicabo optio recusandae maxime excepturi. Officia aliquam optio saepe ipsam beatae omnis.
Consectetur reiciendis magnam sunt iste impedit pariatur corrupti. Pariatur delectus quia soluta."
La decision,2018,151,Nulla neque culpa at eligendi est. Impedit autem laborum corporis ducimus dicta sequi. Omnis unde beatae eaque dolores soluta.
El ultimo heroe,1996,114,"Ipsam soluta a culpa voluptatibus perferendis.
Fugit rem laudantium eos. Repudiandae impedit dolores iusto."
Mas fuerte que el destino,2023,164,Quia dolor dolores asperiores nisi reiciendis quod exercitationem. Excepturi ad iusto eveniet mollitia dolor. Nemo voluptatibus provident illum laborum aliquid similique.
La noche infinita,1998,102,Culpa at eaque ipsam sed recusandae. Ab corrupti autem laboriosam in. Magni libero eos aperiam numquam.
Origen,1991,142,Deleniti aut vitae enim in. Eos quidem neque officiis maiores iste voluptatibus. Corporis placeat aliquam molestiae quia perspiciatis.
El peso del silencio,2021,98,"Fugit amet eius ipsa sed maxime eos quasi. Ratione eos veniam consequuntur.
Iusto explicabo laboriosam cum quaerat qui.
Nam ad consequatur nisi iste. Facilis aut tempore."
La frontera,2014,139,"Ipsam sequi numquam fuga. Repudiandae praesentium adipisci odio nulla saepe a. Facilis sunt eos ipsum eius.
Voluptates amet necessitatibus saepe.
Repudiandae omnis inventore quibusdam."
Renacimiento,1994,93,Quos tenetur hic nesciunt sunt eius. Laboriosam nobis dicta vel repudiandae magnam id. Molestiae ipsa a possimus. Amet dicta perferendis ullam culpa numquam assumenda.
El eco del pasado,2024,174,"Reprehenderit odio eum vitae eum.
Provident ratione at quos temporibus cumque cum."
La ultima oportunidad,1997,136,"Quidem quidem maxime voluptate ducimus error occaecati occaecati.
Ullam autem est. Aliquam ea nihil optio ullam.
Tempora expedita fugiat cumque nobis. Ex suscipit iure error."
Sueños rotos,2020,144,"Fuga sunt ipsam temporibus. Alias error esse labore laborum commodi.
Sequi perspiciatis pariatur ullam similique culpa deserunt reprehenderit. Ratione vitae vitae quae. Sint ducimus adipisci laborum."
El laberinto,2008,145,Magni ullam vel qui rerum laudantium. Occaecati maiores tempore distinctio magni.
La batalla final,2024,161,Inventore repudiandae possimus occaecati reiciendis maxime quis. Accusamus doloremque maxime repudiandae placeat vel corporis. Perspiciatis accusamus totam in ex facilis veritatis.
Instinto,2024,152,Natus repellat nam fugiat perspiciatis molestiae quas dicta. Ducimus beatae repudiandae hic inventore dolore adipisci sapiente. Ipsa amet soluta voluptas enim repellendus similique.
El prisionero,1996,158,Et architecto minus dolorem. Quasi cum animi reiciendis reiciendis.
La sombra del mal,1998,94,"Modi corrupti dicta. Assumenda magnam beatae repellendus.
Soluta illum occaecati occaecati eos saepe et. Atque saepe ab maiores."
Conexion fatal,2018,178,Nihil perspiciatis accusamus libero. Odio ipsum soluta labore necessitatibus eius amet. Nam nemo qui sint reprehenderit autem placeat.
El elegido,1996,110,Placeat facere error voluptatibus. Voluptas ad exercitationem ipsam. Maxime molestiae laboriosam veritatis aspernatur quasi. Velit laborum recusandae debitis.
Mas alla del bien,2024,145,"Doloremque placeat neque architecto.
Beatae aliquam iste aut nemo rem. Porro accusantium iusto iste fugit. Quam dolores deleniti doloremque repudiandae."
La trampa,1992,84,Quae eos ipsum maxime deleniti. Facilis placeat numquam repellat libero illum perferendis. Accusamus repellat eius magnam impedit mollitia.
El punto de quiebre,1994,100,Iste reprehenderit eligendi iure magnam officiis. Laborum quo est repellat. Excepturi ratione exercitationem nam ea officia.
Sangre fria,2010,178,Id nostrum quisquam at atque sed exercitationem. Sapiente vero ipsum iusto quibusdam. Possimus dolorem provident quo.
El espejo roto,2019,93,Mollitia eaque quae facere neque. Vitae beatae quas voluptates ab quibusdam. Sed ipsum nulla ipsum illum quibusdam. Aspernatur architecto ipsam ad quibusdam tempora.
La redencion,2021,100,Deserunt maiores expedita blanditiis facere architecto. Dicta expedita laudantium commodi.
Tierra de nadie,2006,116,Mollitia nemo perspiciatis cumque eos sint cum adipisci. Officia sint repellat esse provident hic dignissimos. Quos cumque quidem dolor.
El horizonte perdido,2006,115,"Impedit quod reiciendis soluta atque magni. Optio ad commodi dignissimos recusandae.
Consequatur molestias libero possimus. Hic tempore quae eius molestias."
La conspiración,2024,153,"Fuga laudantium porro natus. Vero quos libero eius consequatur odit placeat.
Nostrum blanditiis magni vitae quaerat aperiam. Odio et eveniet nobis."
Doble identidad,2001,121,"Nam natus laudantium nesciunt dolore quibusdam. Occaecati natus impedit dolore.
Facilis quam ex aut. Dicta facilis velit autem error. Error suscipit esse expedita."
El umbral,1999,159,"Vero magnam ratione quaerat dolor est. Iste quae animi non.
Praesentium aut assumenda doloremque. Iste vitae inventore. Animi tenetur animi vitae veritatis occaecati facere."
Fuera de control,2014,156,Repellendus soluta nesciunt. Inventore ab quae doloribus harum eaque totam perspiciatis. At quis eaque maiores nostrum tenetur et.
La señal,2003,133,Ex iure laudantium aspernatur. Illum corrupti quos quos at. Minus nemo quia magni.
El ultimo acto,2002,146,Eaque porro placeat blanditiis quas placeat atque earum.
Tormenta de fuego,2003,93,Occaecati laudantium magnam officia sequi. Repudiandae eveniet maxime facere. Eos quia ratione nihil doloribus culpa.
La herencia maldita,2024,90,"Perferendis et molestiae rerum at. Totam facere aliquid cum voluptates ullam.
Eos et eum sit quas laudantium. Minus ipsam possimus saepe omnis. Nihil culpa rerum atque architecto id reprehenderit."
Punto ciego,1996,110,Vero in optio voluptatibus inventore repellendus dolorum. Eum beatae ea. Dicta nostrum perspiciatis minima sapiente. Quibusdam explicabo iste sit esse vitae vitae.
El cazador,2000,120,Iusto sunt maxime aut quis aliquam cumque at. Eius quod reprehenderit occaecati voluptatem. Quaerat magni veritatis assumenda iusto hic culpa magni.
La maldicion,2002,138,Nisi expedita repudiandae dicta rerum alias. Assumenda quis ipsam ut provident iure.
Sin rastro,2004,145,Iusto nihil nihil rerum cum ut accusamus esse. Facere eveniet animi molestiae velit nemo numquam.
El codigo olvidado,2004,162,"Rerum corrupti aliquam labore nobis itaque. Libero quisquam veniam beatae dignissimos.
Saepe atque consequatur delectus corporis. Cupiditate debitis ab adipisci consequuntur accusamus accusamus."
La venganza,1995,87,Unde culpa eaque modi maiores. Nihil laboriosam omnis exercitationem voluptates. Tempore asperiores libero.
Oscuridad total,2017,131,"Fuga itaque beatae dolorem autem beatae. Fugiat fuga non odio laborum incidunt.
A temporibus accusantium. Impedit sapiente iure."
El infiltrado,2018,115,"Eum nisi deleniti numquam quod. Animi nulla ipsa rem nobis delectus possimus.
Dolores est officiis illo fugit. Vero sequi non rerum. Quas a voluptates consequuntur."
La zona roja,2006,95,"Cum nisi placeat eveniet magni adipisci eaque. Enim nam vero.
Necessitatibus vero voluptatum. Saepe distinctio natus cupiditate inventore inventore."
Colapso,2024,125,Reprehenderit ut a nulla. Corrupti doloremque vero repellendus reprehenderit. Exercitationem suscipit ut delectus fugit dolorum dolorem. Dicta dolorem at.
El testigo silencioso,2015,110,"A quos reprehenderit qui eaque. Inventore labore asperiores.
Et voluptatum cupiditate molestias voluptas soluta facere."
La fuga,1992,111,Voluptatibus ipsam unde eius. Totam magnam aliquam architecto aliquid consectetur earum. Eligendi aliquam odio.
Abismo,1997,106,"Saepe ea ex soluta neque voluptatum.
Sint occaecati consectetur beatae reiciendis. Cupiditate dolorem veritatis maxime sunt quaerat. Sit possimus officia."
El oraculo,2003,102,Eius voluptatem quos nobis reiciendis quam similique. Dolorem deserunt sint explicabo ducimus reiciendis ipsam pariatur. Itaque tempore totam.
La marca del diablo,1996,167,"Possimus itaque iusto sed.
Placeat accusantium quis commodi. Accusantium molestiae magnam deserunt. Reiciendis minus officia ad molestiae blanditiis."
Impacto,2019,168,"Sit molestias dolor dolores. Nostrum dicta qui temporibus repudiandae vero itaque. Veniam voluptas nobis illo alias unde libero.
Magni reprehenderit cumque nostrum. A magni veritatis ullam in illum."
El ultimo recurso,2003,110,Voluptatum corporis ullam commodi necessitatibus vero facilis. Praesentium consequuntur nulla vitae a.
La pesadilla,2007,149,"Totam dolorum porro labore eligendi ex. Doloribus vel unde itaque facere doloribus odit.
Corporis minima ratione sapiente expedita occaecati. Exercitationem nobis deserunt esse."
Zona de guerra,1995,125,"Adipisci atque architecto quis quae. At dicta eius. Eligendi numquam ducimus.
Eaque optio itaque."
El legado,2018,113,Sint voluptatum commodi mollitia nemo dolorum commodi. Eaque consequuntur omnis provident ducimus molestias blanditiis. Sint alias ipsam laudantium deserunt corrupti.
La trampa mortal,1996,121,Labore eligendi fuga quo sit natus vitae. Praesentium dicta nesciunt libero. Quis nulla magni iure aperiam eveniet quo.
Detonacion,1999,142,Et cum velit tempore consectetur ea. Consequuntur aliquid fugiat quasi a. Laborum aut sit alias atque. Iste molestiae dolorem numquam tempora laboriosam similique.
El tiempo se acaba,2009,125,"Aliquam deleniti fugiat repellendus neque ipsam. Rerum doloribus magni quos.
Inventore iste voluptates magnam dolorem sint. Rerum laborum laudantium labore."
La oscuridad interior,2008,131,Beatae culpa nobis odio consequatur. Assumenda id ipsam doloribus odit quaerat.
Furia imparable,1990,136,"Repellendus rerum quaerat sed. Voluptatibus earum excepturi. Repudiandae voluptatem id ex.
Temporibus nostrum perspiciatis a quam sint. Veritatis voluptatibus saepe."
El punto final,2006,111,Quod libero suscipit blanditiis. Voluptates optio quis nemo aspernatur cumque.
La amenaza,2021,159,"Praesentium reprehenderit quia labore ut eos soluta nam.
Dolorum dicta inventore temporibus mollitia placeat rem. Dolores eos doloremque. Autem libero quo provident quidem."
Sin identidad,2012,169,"Rem minima dolores. Nam atque impedit quibusdam quidem non dolore.
Laborum corporis odio tempore non quaerat. Unde debitis quia vero a. Laboriosam voluptas nulla quia beatae enim nulla."
El precio del poder,2009,81,"Quae provident eaque porro. Delectus ullam exercitationem deserunt ex quo. Numquam nihil cum mollitia incidunt cumque.
Ullam quidem nemo cum. Modi perferendis rerum vel numquam autem vel."
La caida libre,1993,155,"Explicabo quod debitis quae iste. Veniam nostrum cumque reiciendis nam aliquam animi. Minus cum deserunt labore ut qui.
Et repellat recusandae quod."
Explosion,2009,125,"Natus animi iure quo. Consequatur aliquid praesentium illo possimus. Deserunt at aspernatur fugiat.
Quam iure dolore.
Dicta ducimus quaerat culpa nulla quod dicta. Iure eveniet iste perspiciatis."
El juego mortal,2004,158,"Esse eaque doloremque veniam expedita accusamus aliquid blanditiis. Numquam dignissimos aspernatur numquam.
Facilis ipsum iste itaque maiores dicta optio. Eaque quaerat non soluta labore illum."
La red,2002,142,Corporis molestiae debitis exercitationem est aut voluptate. Nulla ratione laborum debitis eius quo. Suscipit sequi magni non esse quaerat. Voluptatum dignissimos adipisci ducimus cupiditate.
Bajo cero,2013,141,"Et exercitationem ea ducimus ad. Natus a alias minima.
Distinctio tempore molestiae rerum cum commodi. Dolorum perspiciatis corrupti deserunt cumque dolor."
El silencio roto,2001,81,Quis temporibus quos debitis sapiente numquam deserunt. Suscipit quas earum cum.
La ultima frontera,2007,163,"Dicta ex eligendi officia aspernatur enim mollitia. Veritatis excepturi facere.
Animi omnis est eius nisi. Odit nisi eius similique enim."
Sombra y luz,1992,161,"Voluptatum veritatis eligendi distinctio odit architecto sit molestiae. Officia dolorum facere aliquam.
Quod optio quam eos. Eaque repellendus eius rem."
El destino marcado,2018,106,Veniam laborum neque cumque iste. Assumenda facere dolorum nihil. Ab tempore similique dicta voluptates.
La fuerza del mal,2003,112,Illo ut dicta distinctio. Cumque eligendi rem ad quia tempora earum voluptatem. In nam fugiat nostrum nostrum.
Colision,1997,108,"Veniam tempora possimus laboriosam nesciunt.
Incidunt quibusdam non placeat totam quia. Quidem ratione beatae ducimus blanditiis cum. Similique doloribus libero eaque consequuntur."
El guerrero,1991,95,"Earum fugiat fugiat omnis atque officia praesentium.
Nemo aliquid sequi expedita. Repudiandae natus ea neque. Expedita possimus necessitatibus velit doloribus debitis dolore. Sunt esse id."
La verdad prohibida,2011,84,"Accusantium atque facere totam odio laudantium. Aperiam soluta quia beatae.
Expedita totam nisi iste. Necessitatibus aperiam nesciunt nam. Ab sint molestiae dolores."
Zona de peligro,2018,140,"Ab architecto libero omnis est. Nostrum ab voluptas adipisci est.
Beatae exercitationem nulla laudantium quidem possimus. Magnam quod eos omnis illo similique accusamus."
El infierno verde,1995,83,"Suscipit rerum libero adipisci eum aliquam quo.
Excepturi repellendus sed corporis ab possimus dolore. Repellat odit esse quibusdam quod est officiis. Cum enim sint architecto quisquam quia."
La persecucion,2024,118,"Neque fugit quaerat atque deserunt. Facilis deleniti aliquam. Aliquam aspernatur iure nisi.
Deserunt voluptatum officia omnis cum tempore. Minus repudiandae nemo est dolor quia."
Torbellino,2014,168,Temporibus doloribus sapiente enim.
La segunda oportunidad,2016,108,"Adipisci assumenda ratione maxime. Vero sequi doloribus assumenda odit.
Ipsa maiores libero culpa nobis. Necessitatibus assumenda totam laboriosam suscipit. Harum ducimus reiciendis blanditiis."
Sin memoria,2000,176,Recusandae dolorum veniam placeat esse architecto. Quos voluptas nam dolor. Numquam debitis autem sit asperiores.
El proyecto secreto,1998,152,Recusandae deserunt aperiam repellendus corporis rerum minima. Quos quia ipsam saepe. Voluptatibus perferendis laboriosam.
La cadena rota,2019,163,"Libero numquam labore. Pariatur quos aliquid totam magnam. Quaerat mollitia architecto distinctio ad consequatur velit.
Dolores esse fugiat placeat blanditiis enim."
Insurreccion,2018,80,Voluptatem quidem neque ratione fuga laboriosam magnam. Deserunt explicabo tempora aut voluptatum dignissimos velit beatae.
El ladrón de sueños,1993,123,Molestias tempore ratione quibusdam assumenda. Vero deserunt labore. Corporis cupiditate ad tempore. Quaerat accusantium iste iusto nam numquam hic veniam.
La profecia,2009,112,"Vero repellendus minima quam at. Porro sequi quisquam quisquam aliquid.
Error magni maiores non praesentium tempora laudantium. Ea deleniti eaque ea est."
Cero absoluto,2009,91,"Quia cupiditate laboriosam iusto quasi.
Ipsum autem dolorum sapiente sequi nihil quibusdam. Sit ipsum cumque quod consectetur esse magnam."
El guardian,2012,80,"Natus libero ex.
Dolorem culpa odit quasi ratione. Repellat possimus repudiandae minima placeat. Rerum ipsum fuga autem voluptates."
La mente oscura,2002,91,"Velit expedita ullam ratione quis temporibus delectus. Voluptas corporis tenetur minima. Voluptate totam voluptas quae saepe distinctio.
Atque similique laboriosam laborum pariatur."
Desolacion,1997,120,Accusamus facilis aliquam eveniet aliquid. Consectetur delectus totam pariatur eaque delectus. Nemo iusto ea voluptatum hic quibusdam hic sint.
El ultimo comando,2024,134,"Expedita praesentium vero cum. Alias consectetur corrupti aliquid atque saepe error.
Incidunt delectus architecto culpa libero. Voluptates in velit tempore sequi alias explicabo."
La isla perdida,2022,149,Ipsum incidunt iste. Odit itaque et optio ipsum. Sapiente sequi necessitatibus animi rem perferendis.
Sin piedad,2022,88,"Nobis repellat deserunt quis. Enim modi suscipit. Occaecati optio ad.
Quod iure ipsam quam quam optio. Tempora molestiae architecto tempore eveniet tempora optio."
El cruce,2016,126,Magni ex praesentium placeat odio doloribus in. Maxime magnam quo necessitatibus amet dolore nesciunt.
La tela de araña,2008,118,"Ipsum odio architecto deserunt. Nisi magnam possimus aliquam.
Earum nobis officiis in. Perferendis iste hic dolor. Rerum mollitia non corrupti perferendis vel ea voluptatibus."
Evasion total,1996,86,Quaerat corporis praesentium voluptatem iure tempore quaerat. Necessitatibus nobis commodi debitis sed eum esse.
El monstruo interior,1992,127,Sint numquam occaecati doloribus. Voluptatem eum doloremque maiores delectus minima.
La guerra fria,2017,167,Veritatis nam tempora laboriosam voluptatem deleniti molestiae. Consequuntur praesentium cupiditate nisi dolorum.
Punto de no retorno,2001,171,"Excepturi nulla quod.
Laudantium sequi libero inventore. Consectetur odio maxime quam eveniet asperiores. Magnam tempore accusamus."
El enviado,2005,172,"Reiciendis voluptatem nemo vitae sequi porro. Minima suscipit esse praesentium ad possimus repudiandae.
Necessitatibus numquam illum."
La venganza perfecta,2011,155,Labore ipsam sed labore iure eius molestiae. Maxime quis maiores voluptas amet assumenda. Odio reprehenderit corporis vel modi accusamus.
Caos total,2010,178,Vero distinctio error maxime magnam dolore. Dolorum sit aut in error assumenda. Cumque voluptates quos veritatis odio accusamus voluptate.
El vigilante,2005,104,Nesciunt at ut quo. Aut quas laboriosam eos quidem quis. Atque doloribus expedita modi laboriosam ipsum molestiae nemo.
La clave perdida,1996,95,Dolore culpa exercitationem alias dicta. Ducimus laborum assumenda nemo doloribus quibusdam. Unde ut officiis illum fugit.
Sin escape,2021,95,Error ratione sapiente explicabo at. Libero a facere maiores sed modi aut dicta.
El vacio,2004,107,Eaque doloribus consequuntur rerum beatae eos dolorum magni. Ducimus sit eligendi perferendis. Pariatur perspiciatis magni cumque.
La sombra del pasado,2012,127,Non voluptas itaque eius expedita quod odit. Asperiores quibusdam quas ipsam quidem numquam. Natus quaerat dolore distinctio error. Temporibus quae quae perspiciatis.
Colisión de mundos,2022,163,"Laudantium quae consequuntur eaque ducimus. Saepe omnis quasi. Cum quasi esse labore facere.
Sunt aut ducimus enim sunt. Nam culpa facilis ab."
El ultimo susurro,2022,113,Animi inventore praesentium voluptatibus minima quibusdam. Saepe culpa ea suscipit a neque corporis. Tempore quidem temporibus mollitia minus. Soluta iste atque officia minima.
La bestia,2013,161,"Tempora minus occaecati sunt. Asperiores totam quibusdam ullam voluptatibus. Sed cumque sunt.
Cumque mollitia itaque pariatur omnis."
Territorio enemigo,2015,151,Soluta accusantium eligendi harum. Doloribus eos a cupiditate. Voluptatem quos laudantium expedita.
El riesgo calculado,2009,87,Recusandae laboriosam est placeat adipisci debitis neque. Adipisci dolores dicta corrupti placeat. Voluptas ipsa repudiandae.
La oscuridad eterna,1995,123,"Quisquam animi architecto id.
Maxime ea ad esse. Praesentium excepturi ducimus laborum sunt necessitatibus quos.
Laudantium voluptate totam."
Fuga imposible,2015,126,"Aut unde explicabo dignissimos tempora nesciunt quis. Dolorem officia nihil a eum.
Atque tempore dolore possimus cumque optio totam. Doloremque tempore excepturi."
El precio de la verdad,2010,178,Porro maxime rem nesciunt dicta molestias ab. Aliquam beatae doloremque. Aspernatur tempora atque fugit quasi iure cupiditate occaecati.
La señal perdida,2016,175,Iusto sequi adipisci inventore soluta eum. Blanditiis consequatur itaque.
Sin retorno,1991,98,Tempore facere optio facilis cupiditate error quibusdam. Nostrum atque reprehenderit dignissimos perferendis. Aliquam veritatis tenetur sunt totam.
El despertador,2022,138,Aperiam quo temporibus vel delectus. Id necessitatibus autem quasi quis adipisci nobis.
La alianza,1994,176,"Velit esse alias sint aliquam error. Nisi accusantium voluptatum mollitia.
Suscipit ipsum tempora mollitia optio culpa maxime. Eius sint ipsa ullam. Ipsam commodi nulla consequuntur facere eius."
Implosion,1996,107,Reiciendis in voluptatibus magni deleniti quidem quisquam praesentium. Veritatis quidem molestiae sit. Asperiores esse nulla voluptatem enim modi repellendus.
El mensajero,2002,90,"Impedit sapiente error cupiditate corrupti saepe.
Ipsum itaque neque cupiditate. Non tempore laboriosam unde adipisci architecto similique quasi."
La rueda del destino,1999,112,"Necessitatibus commodi officia. Veniam ipsum consequuntur. Nisi magnam aperiam.
Nobis tempora dolorum. Qui eos sapiente adipisci molestias numquam labore."
Punto critico,2015,93,Necessitatibus officia vero cum sit atque. Sint nihil inventore animi veniam voluptatem. Culpa architecto qui vero.
El ultimo grito,2005,85,Quibusdam autem inventore magnam laborum consectetur. Recusandae molestiae mollitia rerum corrupti recusandae libero aperiam. Ducimus a ea alias sequi vel non officiis.
La sombra del futuro,2012,140,Magni reiciendis at minus. Quis repellat debitis corporis.
Sin fronteras,1997,133,"Perferendis animi quae fugiat.
Error eos vitae corporis. Ipsa cum quos dicta nemo dolorem quasi. A corporis hic. Distinctio corrupti repellat."
El error fatal,2002,169,Quibusdam numquam libero est iusto. Unde corrupti rem magnam dolores dolore a mollitia. Architecto molestias nulla dolore reprehenderit officiis.
La noche de los lobos,2005,99,Ea commodi corrupti eaque. Minus aut ducimus totam quas repellat voluptate. Aspernatur quam eaque at excepturi quis tempore. Sequi voluptatibus aliquam corporis eius.
Zona prohibida,1995,175,"Cupiditate quis beatae velit. Ea magnam unde eos. Voluptas officiis ipsam accusantium eveniet.
Inventore nam beatae officiis. Optio et molestiae officiis ad."
El cazador de almas,1998,144,Nemo nobis labore quaerat culpa harum. Enim ipsam pariatur in. Saepe ratione repellendus unde unde ipsam laudantium.
La espiral,1999,152,Incidunt consectetur deleniti eveniet. Sint eius assumenda. Molestiae omnis similique corrupti esse quasi.
Derrumbe,1999,93,Debitis veniam sequi aperiam est nostrum. Vitae esse error quia dolor. Repellendus facere nulla error reprehenderit magnam libero. Tenetur vel cumque sequi quod provident.
El tercer ojo,2006,98,"Eius non ut dignissimos. Consectetur quae eius officiis voluptatibus quis. Amet natus iure culpa possimus perspiciatis.
A in repellat consequatur. Deserunt incidunt vel placeat."
La ultima batalla,1996,106,"Architecto dolore et soluta. Commodi ducimus minus rerum deleniti. Quasi velit ad commodi itaque perspiciatis alias.
Ad doloribus voluptate. Quam natus odio unde officia impedit."
Sin cuartel,1994,171,Asperiores consequuntur fuga voluptas. Quidem accusamus animi accusantium. Inventore eaque magnam natus amet sed.
El abismo oscuro,1992,115,"Quo tempora voluptate unde maiores aut. Quibusdam asperiores aperiam. Suscipit eum quos eveniet.
Porro culpa et unde vitae animi dolor. Aperiam neque a aliquid fugiat quos."
La caja de pandora,2018,158,"Praesentium alias hic ipsam. Itaque enim soluta.
Sit distinctio tempora. Cupiditate cumque porro illo itaque sint. Quam repellendus cupiditate deleniti."
Golpe mortal,2010,86,Quis quos tempore aspernatur quidem quaerat itaque. Tempore exercitationem sequi laboriosam esse aliquid. Ex quas veritatis ad nihil.
El testamento,2018,87,"Facere deserunt aperiam doloremque vitae eum optio.
Architecto omnis sunt omnis quisquam quod aut. Magnam distinctio deserunt voluptatem."
La maquina del tiempo,2010,164,Ut quam asperiores ab incidunt a. Occaecati accusantium voluptates voluptatum commodi vitae. Similique nobis autem deleniti aut aut.
Sin salida aparente,2013,125,Incidunt culpa sapiente. Ullam natus omnis reprehenderit. Dicta aperiam quam unde quisquam voluptatem.
El poder oculto,2001,172,"Labore vero consequatur eaque delectus cum animi. Sequi dolorem quo consequatur.
Nobis sint animi reprehenderit. Assumenda dicta animi error quaerat."
La amenaza silenciosa,1996,144,Nihil aliquid ea impedit ad eaque. Architecto sequi distinctio pariatur accusamus iste. Eum nobis reprehenderit tempora eligendi. Minima iusto voluptas deleniti quis maiores deleniti.
Descenso,2009,102,Iure aspernatur cupiditate vero. Adipisci mollitia expedita quam officiis sed optio.
El ultimo dia,2005,179,Harum ratione iste aspernatur nihil veniam animi. Exercitationem corrupti quam mollitia nulla. Maxime illo architecto fugit.
La fuerza interior,2024,125,"Natus ipsum vero blanditiis. Ut incidunt omnis aliquam velit.
Blanditiis sapiente molestias odio. Eius facere perferendis. Laudantium deleniti eveniet nihil."
Sin tregua,2021,172,Dignissimos ab debitis. Autem minus fugiat veniam quam nobis incidunt. Totam nostrum pariatur ducimus illo veritatis saepe.
El maestro del engano,2016,152,"Nam mollitia tempora maxime ea.
Ut repellendus nisi velit molestiae. Reprehenderit ab earum dolores tempora voluptatem ea. Qui nihil assumenda sit voluptatem."
La trampa final,2007,101,Ex optio illo. Commodi vel minus consequatur cupiditate.
Combustion,2015,98,"Magni tempore non porro. Minus nihil nihil necessitatibus mollitia necessitatibus.
Ab itaque voluptatum eius tenetur a quos magnam.
Exercitationem nemo laborum tenetur dicta cupiditate esse."
El observador,2009,160,Adipisci expedita deleniti earum. Ipsam ab aperiam inventore porro laudantium temporibus earum. Velit repellat quia aspernatur sed necessitatibus accusamus.
La red de mentiras,2023,82,"Explicabo omnis doloremque sint totam incidunt magnam minus.
Nihil ea rerum reiciendis expedita amet aliquid. Suscipit ipsa temporibus necessitatibus. Modi sunt non id nemo."
Sin identidad conocida,2006,123,"Unde fugiat recusandae doloremque iusto nesciunt laudantium. Voluptas repellat nemo alias rem harum.
Sequi sit ipsam asperiores pariatur cupiditate. Facere libero illum unde."
El ultimo paso,2024,84,"Dolores omnis eligendi ad eos libero.
Ipsam consequuntur corporis in. Laboriosam corrupti velit alias exercitationem quibusdam autem. Dolore sint itaque dolorem sunt quisquam."
La noche sin fin,1994,135,Perferendis similique doloribus iure non necessitatibus deleniti nulla. Delectus eius quae vel magnam.
Fractura,2014,153,Est quis consequatur iusto nesciunt veniam quis. Asperiores magni ex sint qui consequatur. Facilis odit reiciendis optio omnis eum culpa.
El espiritu guerrero,1998,161,"Aspernatur ratione explicabo rem quas. In cum modi laborum quos harum.
Voluptates suscipit nisi vel. Dolore vitae veritatis dolor. Ratione quos quaerat voluptas."
La zona gris,2001,153,"Soluta facere numquam consequatur. Assumenda nesciunt reprehenderit voluptates corporis voluptate aperiam.
Velit aspernatur cupiditate. Delectus non excepturi unde."
Sin piedad ni gloria,1997,164,"Reiciendis blanditiis nisi rem quasi exercitationem harum. Laudantium illum rem fuga quasi magni aliquid.
Dignissimos omnis occaecati mollitia minus itaque. Error inventore sunt eveniet."
El codigo negro,1991,134,Ipsam suscipit nam. Earum a inventore corporis quod ipsa. Aperiam nemo illum doloremque reiciendis similique occaecati.
La ultima esperanza,1996,159,Eos enim debitis id officia adipisci. Ipsum possimus et voluptas cupiditate. Architecto quasi vitae cum neque molestiae.
Tormenta interior,1997,84,"Aliquam cumque officiis sapiente tempore. Commodi molestias est. Officia illum corrupti iure neque.
Tenetur tempore itaque perferendis fugit quae nihil. Esse expedita nihil quod aliquam qui."
El regreso del mal,2013,107,"Earum illum quia laboriosam nostrum. Magni dolores officiis ipsa.
Dolor excepturi at dolores recusandae magni. Praesentium saepe velit. Hic inventore perferendis molestias."
La conexion,2004,148,Neque porro libero harum fugiat inventore alias. Eveniet magnam illum esse optio ipsam.
Sin nombre,2016,179,Ullam facilis vero ut accusantium tenetur molestiae. Quis non nihil accusantium incidunt fugiat alias.
El doble juego,2008,156,"Iure placeat omnis inventore minus. Odio facilis soluta sed laudantium.
Corporis deserunt voluptate iusto vel. Reiciendis tempore velit. Error ex earum expedita."
La fuerza del destino,2003,95,Odio incidunt asperiores. Mollitia quaerat ab fuga mollitia. Beatae fugiat debitis praesentium quo in ullam.
Impacto final,2012,137,"Minima amet repellat nulla. Corrupti soluta dolore provident.
Corrupti laudantium tenetur veritatis. Hic excepturi cumque accusantium occaecati."
El mundo al reves,2000,108,Corporis sed minima similique. Maiores a occaecati iure beatae adipisci. Tenetur expedita commodi adipisci unde cupiditate commodi.
La guerra de sombras,2021,113,"Tenetur dolorum ut ipsa. Alias soluta corporis dolorum modi.
Facere temporibus dolore aperiam nihil a exercitationem. Asperiores eligendi modi aliquid sed harum assumenda."
Punto sin retorno,1998,161,Amet occaecati voluptatum perspiciatis vitae voluptas. Earum aspernatur maiores nihil eius consectetur aspernatur. Cupiditate officia quo eos soluta ex.
El espejo oscuro,2014,160,Architecto nulla ipsum. Reiciendis aliquam aliquam fugit labore temporibus corporis nisi.
La voz del silencio,2009,140,Est sunt dignissimos quos in molestias eum ipsum. Optio nulla nemo nostrum maxime.
Sin limite,1992,131,"Laudantium sequi occaecati provident cum sapiente occaecati porro. Facilis quia possimus at ab optio.
Aspernatur nulla fugit voluptatibus fuga et animi tempore. Excepturi voluptatem architecto earum."
El cazador solitario,2015,160,"Nostrum dignissimos vitae officia perferendis. Qui quod eveniet optio id. Omnis in labore debitis excepturi ullam placeat. Et vero quo accusantium maxime sapiente.
Dolorem fugit aspernatur deleniti."
La herida abierta,2024,120,"Corporis illum placeat quos. Possimus fugiat fugit assumenda quas.
Blanditiis saepe excepturi officiis exercitationem."
