nombre,email,edad,pais
Cristal Suárez Palacios,nayeliroldan@example.com,67,Panama
Mtro. Juan Gollum,zgurule@example.org,67,Colombia
Cristal Camila Lomeli,moralesesperanza@example.net,61,Mexico
Eva Itzel Toro,segoviaarcelia@example.net,16,Corea del Sur
Jacinto Parra Vanegas,florencia61@example.org,60,Corea del Sur
Dr. Elias Bahena,luiscamarillo@example.com,57,Colombia
Ing. Cecilia Gaytán,maria-luisa51@example.org,22,Brasil
Felipe Benito García Carvajal,jeronimojaquez@example.com,55,Italia
Guillermina Benjamín Vela Carrera,gramon@example.net,51,Japon
Marcos Verduzco Soliz,ernestogarica@example.net,19,Espana
María Eugenia Saavedra Arevalo,ortaesther@example.org,27,Chile
Sara Bonilla,de-la-cruzabigail@example.com,48,Panama
Jos Acevedo,micaela25@example.net,25,Mexico
Gerardo Ilse Gonzales Vigil,abril23@example.net,59,Ecuador
Teodoro Esmeralda Pineda Henríquez,gabriel23@example.org,27,Reino Unido
Eloy Rascón Cano,ramiro25@example.org,60,Francia
Liliana Carla de la Crúz Saldivar,wporras@example.org,38,Ecuador
Margarita José Manuél Mares,jassomarco-antonio@example.net,54,Alemania
Dr. Jerónimo Hurtado,cgamboa@example.com,57,Espana
Mtro. Alejandra Uribe,nmagana@example.net,43,Argentina
Sr(a). Celia Díaz,alfredo45@example.net,67,Corea del Sur
Bruno Abigail Nevárez Burgos,msauceda@example.net,48,Brasil
Marisol Reina Bravo,luciacarrera@example.net,31,Espana
Hugo Benítez,barrientosmariano@example.net,54,Venezuela
Araceli Terrazas,armandovaldez@example.com,36,Panama
Victoria Vigil,casanovamercedes@example.net,34,Brasil
Ramiro León Gómez,linda53@example.org,18,Chile
Pedro Gil Regalado,marisolmunoz@example.com,26,Reino Unido
Dr. Marco Antonio Ceballos,padillaoswaldo@example.org,28,Espana
Jaime Colón Centeno,tapiaconcepcion@example.org,16,Brasil
Indira Vanesa Lozano,citlalirobledo@example.net,65,Brasil
Guillermo Chacón,indirasolorio@example.org,19,Venezuela
Francisca Botello,marisol29@example.com,61,Bolivia
Lic. César Avilés,santiagoluevano@example.org,50,Peru
Margarita Reséndez,pradocesar@example.org,32,Alemania
Benito Lira,alejandra88@example.net,69,Bolivia
Carlos Viera Alcaraz,vgallardo@example.org,33,Reino Unido
Genaro Flórez Rojas,bahenaclaudia@example.com,58,Corea del Sur
Dr. Ricardo Casillas,camila94@example.net,49,Mexico
Renato Chacón,mendezcarolina@example.com,50,Corea del Sur
Elena Ontiveros Perea,lcruz@example.net,33,Mexico
Mónica Norma Gaitán,xrivas@example.net,29,Ecuador
José Emilio Alejandro Prado Olvera,mauricio66@example.com,35,Peru
Raquel Fajardo Esparza,espartacobriones@example.com,21,Espana
Mtro. Susana Guajardo,miriamverduzco@example.net,53,Reino Unido
Natividad Sarabia Ibarra,luciacorona@example.net,31,Reino Unido
Karla Estefanía Villalobos Gil,ysierra@example.org,31,Reino Unido
Ing. Esparta Garica,israelvalles@example.net,42,Bolivia
Violeta Miramontes Nazario,aestrada@example.net,50,Espana
Nadia Valdés,ramonpadilla@example.com,52,Espana
Elvia Palacios,malavewilfrido@example.com,42,Guatemala
Salvador Guzmán Guerrero,bmaldonado@example.org,26,Reino Unido
Liliana Rodrigo Hernández Villagómez,xcollazo@example.com,44,Japon
Mauro Cortés Briones,calderonrosa@example.net,32,Espana
Norma López,gonzaloabrego@example.org,22,Venezuela
Ing. Bernardo Ortega,enrique70@example.net,41,Reino Unido
Nicolás Cavazos Espino,miguel-angel25@example.com,47,Bolivia
Dolores Alvaro Corona,de-la-rosalorena@example.net,62,Argentina
José Luis Espartaco Escamilla,ulloagonzalo@example.net,52,Ecuador
Aldonza Rascón Quesada,gdel-rio@example.org,29,Brasil
Judith Alfredo Almanza Mora,zeferino45@example.com,70,Chile
Ana Luisa Cadena Botello,ricardo13@example.net,18,Argentina
Aurelio Clara Tovar Rivero,noemicanales@example.org,47,Bolivia
Natalia Romo,nsolis@example.net,47,Bolivia
Timoteo Micaela Delgado,anavarro@example.com,61,Espana
Silvia Fonseca,victoriavillalobos@example.org,30,Estados Unidos
Mateo Marco Antonio Ferrer,alejandrovaldez@example.org,44,Corea del Sur
Julia Jorge Luis Haro Roldán,regaladoenrique@example.net,55,Argentina
Leonardo Pilar Tejada,alejandro27@example.com,28,Japon
César Nelly Acevedo Urías,minervagracia@example.net,17,Peru
Salma Carrero Palomino,susana67@example.com,17,Italia
Aurelio Nevárez Madera,carrerozeferino@example.org,69,Venezuela
Nayeli Mateo Tamez,karlaposada@example.org,32,Estados Unidos
Minerva Armas Ríos,renato41@example.net,31,Panama
Lic. Berta Chavarría,corralesrocio@example.org,60,Bolivia
Tomás Luis Laboy Farías,qmontanez@example.com,39,Venezuela
Antonia Indira Martínez Chavarría,mayte25@example.org,20,Panama
Héctor Salgado Mascareñas,celianavarro@example.org,49,Francia
Úrsula Luis Manuel Perea,silvia68@example.com,41,Guatemala
Anel Valle,albadulce@example.com,70,Guatemala
Mauro Zedillo Valladares,javier66@example.com,28,Brasil
Cristina Omar Puga Rascón,jorge49@example.com,56,Venezuela
Héctor Leticia Santana Almanza,jose-eduardoloera@example.net,29,Guatemala
Enrique Omar Navarro,moralesabel@example.com,44,Argentina
Ramiro Modesto Córdova Alejandro,judith79@example.net,70,Venezuela
Elvia Reina Chapa,pizarrosoledad@example.org,58,Ecuador
Sara Laureano Granado,yesparza@example.net,24,Corea del Sur
Liliana Pizarro Robledo,lilia42@example.net,53,Estados Unidos
Jacinto Orozco,marianovargas@example.org,64,Italia
Andrea Alonso Espino Hernández,marcela98@example.org,25,Ecuador
Sofía Canales,eloisa49@example.com,39,Venezuela
Óliver Leticia Sotelo Ulibarri,navarretemarco-antonio@example.com,36,Peru
Ing. Diana Alarcón,leonardoharo@example.net,24,Espana
Felipe Serafín Caballero Arce,augustoolivera@example.com,35,Alemania
Eloisa Mayte Rosales,jaimestimoteo@example.com,51,Ecuador
Helena María Luna Tejeda,daliacervantez@example.org,66,Estados Unidos
Ruby Razo Ávalos,vigilmaria-cristina@example.org,70,Corea del Sur
Lic. Trinidad Garibay,federico55@example.org,42,Brasil
Carmen Cotto Cantú,tsauceda@example.com,21,Guatemala
Amelia Javier Jurado Olivera,catalinapedroza@example.net,38,Brasil
Dulce Cabán Villarreal,benavidezfelix@example.net,62,Bolivia
Lic. Humberto Valadez,chavarriajuan@example.net,25,Estados Unidos
Claudio Iglesias Olivárez,klozano@example.net,21,Reino Unido
Dr. Verónica Batista,zoe06@example.com,66,Francia
Homero Rivero Lucio,magdalena94@example.com,41,Italia
Abraham Tomás Ruelas,omarroybal@example.com,47,Francia
Daniela Bustamante Anguiano,reina57@example.net,27,Bolivia
Esteban Isaac Castañeda,vacaeric@example.org,40,Venezuela
Rodrigo Clara Toro Cotto,yolivares@example.com,33,Colombia
Julio Ferrer Quezada,conchitaledesma@example.com,53,Colombia
Vicente Palomino Corral,moramiriam@example.com,69,Costa Rica
Mercedes Ceballos Ozuna,armentaalejandro@example.org,51,Mexico
Elena Dulce María Linares Palacios,xllamas@example.org,47,Italia
Dr. Nadia Velásquez,hectorjimenez@example.net,50,Panama
Manuel Ariadna Hernández Contreras,slozano@example.org,16,Italia
Salma Valenzuela Jasso,aocampo@example.net,41,Venezuela
Sergio Ignacio Pedroza Ávila,adela06@example.com,69,Peru
Olga Alonso Lira Arriaga,aguileraines@example.org,36,Argentina
Vicente Luis Rocha Aranda,anabel61@example.net,53,Espana
Ariadna Isabel Granados,chaconcristal@example.org,51,Guatemala
Modesto Estrada,angelica15@example.org,44,Costa Rica
Omar Gurule,rosario17@example.org,50,Alemania
Alta  Gracia Villaseñor,beatrizmontano@example.com,29,Corea del Sur
Alfredo Soledad Esquibel Estrada,florezpaola@example.net,51,Francia
Antonia Hidalgo Ruelas,enava@example.net,28,Reino Unido
Perla Natalia Calvillo,virginiatrejo@example.org,54,Venezuela
Liliana Carbajal,cortesclara@example.net,51,Chile
Estela Carolina Mendoza Sanabria,smata@example.org,22,Chile
Genaro Nicolás Mercado,wbarrera@example.com,35,Panama
Gabino Guillermina Sepúlveda,vieralinda@example.org,62,Estados Unidos
Ing. Andrés Leiva,amaliabenitez@example.com,44,Bolivia
Ana María Jaime Orozco,dianamelgar@example.net,33,Ecuador
Daniel Naranjo Montenegro,natalia78@example.net,23,Ecuador
Amador Berríos,resendezarmando@example.net,61,Panama
Rocío Núñez Berríos,bernabe17@example.org,42,Costa Rica
Citlali Adela Armendáriz,juarezoliver@example.net,70,Italia
Estela Mota Bonilla,lourdescastro@example.org,68,Colombia
Sonia David Melgar,hsanchez@example.net,53,Guatemala
Lic. Benjamín Nevárez,laraflavio@example.net,23,Estados Unidos
Modesto Medrano,vlugo@example.org,50,Chile
Dalia Lorenzo Escamilla Menchaca,eugenioleiva@example.org,49,Venezuela
Ing. Aurora Tamez,lbernal@example.com,28,Francia
Martín Ponce Carrera,icisneros@example.net,27,Ecuador
Dr. Delia Ortiz,maria-eugeniasepulveda@example.net,55,Panama
Porfirio Ramiro Leyva Muro,ceciliabetancourt@example.com,30,Costa Rica
Modesto Navarro,clementearmas@example.net,35,Costa Rica
Uriel Medina Roque,angela97@example.com,18,Panama
Hernán Ayala Rosales,marcela08@example.net,33,Costa Rica
Carlota Hermelinda Muro,serafinrodarte@example.com,36,Colombia
Rufino Esmeralda Villa Melgar,isabel94@example.net,23,Estados Unidos
Mtro. Lilia Chavarría,ilseanguiano@example.com,42,Venezuela
Marisol Norma Reyes Jurado,lsalas@example.com,38,Guatemala
Miguel Ángel Montemayor,carriongraciela@example.net,18,Bolivia
Nancy Bermúdez,elisahinojosa@example.org,43,Guatemala
Alejandro Tania Mondragón Arroyo,pescobar@example.org,16,Argentina
Agustín Carrillo Valladares,jeronimomontoya@example.org,52,Mexico
Reina Montero,razocarlota@example.net,27,Ecuador
María Elena Matos Villanueva,cgallardo@example.net,30,Peru
Esperanza Godoy Calvillo,leonardo55@example.net,49,Venezuela
Rodrigo Estévez,qsisneros@example.net,52,Japon
Dr. Eric Tapia,horacioorozco@example.org,22,Mexico
Sr(a). Georgina Urías,yresendez@example.com,48,Chile
Gloria Llamas Bonilla,quirozemilio@example.org,24,Panama
Dr. Martín Gálvez,berta19@example.net,57,Corea del Sur
Benjamín Salas Nieves,iaguilera@example.org,63,Corea del Sur
Dr. Marcos Iglesias,clara28@example.net,44,Francia
Yuridia Menéndez,fcampos@example.org,51,Estados Unidos
Judith Cedillo,zeferino89@example.org,16,Espana
Mtro. Amador Olivares,carla30@example.com,55,Francia
Aldonza Trinidad Ríos Rodrígez,martha89@example.org,30,Alemania
Sr(a). Sonia Villegas,vguillen@example.net,45,Reino Unido
Mtro. Esmeralda Polanco,julia65@example.org,33,Venezuela
Mtro. Marisol Vásquez,angela91@example.net,60,Japon
Lic. Graciela Domínguez,yarevalo@example.net,68,Panama
Lic. Juan Pineda,orellanaandrea@example.com,35,Reino Unido
Lorenzo Sofía Botello Arriaga,marcelacoronado@example.net,30,Mexico
Trinidad Berta Estévez,romerosergio@example.com,44,Espana
Serafín Georgina Escamilla Rubio,nchavarria@example.net,39,Italia
María Elena Chavarría,elisa75@example.com,60,Italia
Ing. Oswaldo Pulido,angelica70@example.org,22,Alemania
Judith Caballero Gonzales,diazisrael@example.com,62,Chile
Mtro. Omar Benavides,qbanuelos@example.net,42,Francia
Ing. Javier Piña,maria-jose83@example.net,65,Estados Unidos
Ing. Humberto Santacruz,lopezarcelia@example.net,53,Panama
Lic. Dulce Franco,mcarvajal@example.net,58,Ecuador
Magdalena Escalante,tomasmeza@example.com,32,Francia
Claudio Valadez,reina34@example.org,62,Italia
Dr. Adela Vergara,pereavictor@example.org,19,Chile
María Elena Sisneros Segura,antonio55@example.net,32,Guatemala
Ángel Salcedo Montalvo,mtapia@example.com,59,Italia
Rodolfo Liliana Ceja,parraomar@example.com,19,Colombia
Adalberto Peralta Valles,renato65@example.org,50,Espana
Lilia Cuellar,luis-miguel31@example.org,45,Venezuela
Israel Ana Regalado,rpuente@example.org,15,Bolivia
Alejandro Figueroa,velezjose-manuel@example.com,47,Peru
Raquel Feliciano Palomino,dolores19@example.net,59,Reino Unido
Teodoro Mejía Roybal,aprado@example.net,15,Brasil
Agustín Santacruz Valdés,delia61@example.org,70,Japon
Porfirio Monroy Aparicio,nuneznatalia@example.com,54,Italia
Sr(a). Asunción Vaca,kroldan@example.org,21,Corea del Sur
Rodrigo Jos Angulo Gonzales,ana-maria88@example.org,27,Ecuador
Alfredo Guzmán,marinelena@example.com,54,Corea del Sur
Berta Natividad Aparicio,wpichardo@example.net,23,Japon
Verónica Frida Leal Ceballos,ramosespartaco@example.org,60,Ecuador
Vanesa Dalia Macías Peres,acarmona@example.com,46,Chile
Alejandra Toro Dueñas,eduardo10@example.org,16,Reino Unido
Cristal Cisneros Carrero,carbajaleva@example.org,16,Panama
Lic. Patricio Zamora,antoniachavarria@example.net,67,Argentina
Laura Núñez,trujillotomas@example.com,56,Venezuela
Isaac Castellanos de la Fuente,israelmerino@example.net,53,Italia
Jorge Luis Cristobal Montenegro Correa,esquivelestela@example.org,15,Costa Rica
Rubén Lugo Carmona,velezmarisela@example.net,35,Brasil
Jaqueline Lucero,pedrovazquez@example.net,57,Espana
María Elena Posada,maria-elenarodriguez@example.net,68,Mexico
José Emilio Robledo Esparza,antonia44@example.com,24,Ecuador
Alfonso Jasso,zalvarez@example.net,68,Colombia
Luz Emiliano Maya,uperalta@example.com,69,Reino Unido
Victoria Ricardo Guzmán,elvirajiminez@example.net,22,Ecuador
Sr(a). Marisol Casas,arturo61@example.org,39,Argentina
Marisol Zoé Gonzales Rivas,miramontescelia@example.org,38,Ecuador
Sr(a). Julio Carranza,jacintozavala@example.net,50,Ecuador
Eduardo Piña Villalobos,avileselvira@example.net,39,Mexico
Lic. Teodoro Madrigal,caridad25@example.net,53,Peru
Felipe Lucero Puga,josefinaroldan@example.com,35,Estados Unidos
Ing. José Escobar,japodaca@example.net,59,Bolivia
Juan Robles Hidalgo,hildaguillen@example.org,45,Argentina
María Luisa Figueroa Ocampo,marianaarteaga@example.net,54,Corea del Sur
Julio César Jimínez Arellano,maria-luisaalba@example.com,65,Colombia
Gustavo Julio César Perea Manzanares,perlamarroquin@example.org,31,Corea del Sur
Andrés Perla Lira,hernanlemus@example.org,43,Venezuela
Nicolás Zúñiga Urías,nfierro@example.org,55,Guatemala
Mariano Esteban Aguilera Velázquez,hperea@example.org,27,Costa Rica
Lorena Jaqueline Armendáriz,barelatrinidad@example.net,38,Italia
Mario Gloria Corona Torres,lucia23@example.net,27,Peru
Blanca Montero,araceli85@example.com,68,Corea del Sur
Lic. Daniela Otero,yverdugo@example.com,59,Guatemala
María Luisa Vela Ulloa,ioquendo@example.org,68,Japon
Irene Candelaria,lcamacho@example.net,26,Panama
Ángel Catalina Muñoz,abrahamnajera@example.com,69,Ecuador
Reina Vergara,fmateo@example.org,39,Japon
Gabriel Tórrez,abelmurillo@example.org,24,Francia
Claudio Ivonne Casares,samador@example.net,24,Ecuador
Gerardo Casares Ureña,lindacarrillo@example.org,41,Venezuela
Mtro. Daniel Juárez,barriosberta@example.net,64,Italia
Fidel Irene Nájera,vanesaheredia@example.org,42,Bolivia
Linda Cazares Palacios,leticiaespino@example.net,58,Espana
Rubén Mendoza,cuellarana-luisa@example.net,17,Italia
Gerónimo Raúl Palacios Pacheco,elena87@example.org,63,Ecuador
Mtro. Miriam Castro,julio71@example.org,70,Chile
Alejandra Olivárez Armendáriz,omaralfaro@example.com,22,Reino Unido
Nicolás Mendoza,fidellopez@example.org,59,Venezuela
Carlota Socorro Estrada,delia49@example.net,17,Argentina
Wilfrido Barrientos Maya,dianaestrada@example.org,34,Mexico
Francisco Fabiola Solano Mayorga,riverocecilia@example.org,43,Chile
Rosario Lourdes González,raquelsisneros@example.net,35,Costa Rica
Sr(a). Rafaél Rodríguez,sofiadelgadillo@example.net,64,Alemania
Ing. Alvaro Gallardo,araceli19@example.com,48,Peru
Ivonne Guillermina Zamudio,urocha@example.net,62,Italia
Judith Nicolás Manzanares Rivera,rolandoraya@example.net,33,Francia
Juan Catalina Arguello,wmora@example.net,32,Japon
Leonel Marroquín Alvarado,iherrera@example.com,56,Mexico
Cristian Carla Longoria,ulibarrijose-carlos@example.com,39,Espana
Socorro Yolanda Alonso Niño,de-andaandrea@example.net,23,Alemania
Fabiola Angélica Amaya Salas,elenade-anda@example.org,59,Ecuador
Ing. Sergio Cornejo,araceliespinoza@example.com,39,Francia
Genaro Guerra,natalia00@example.net,64,Estados Unidos
Camilo Javier Curiel,sara45@example.net,37,Venezuela
Bruno Soria Segovia,angela28@example.com,20,Brasil
Cornelio Mario Terán,uriasalfonso@example.org,24,Peru
Óliver Rebeca Cadena,davidbanuelos@example.org,48,Espana
Mayte Cardenas Santillán,evazquez@example.net,45,Guatemala
Alfredo Ignacio Salas Rosas,zamudiocristian@example.net,53,Espana
Antonio Mauricio Anguiano Ortega,irizarryesther@example.com,28,Corea del Sur
Hilda Mora,palaciospatricia@example.net,17,Venezuela
Nicolás Asunción Ramos,alonsoolivares@example.org,45,Estados Unidos
Juana Catalina Nieves,leonelzaragoza@example.net,57,Ecuador
Mtro. Liliana Galarza,mateocaridad@example.org,51,Alemania
Aldonza Leonel Carmona Negrete,furena@example.com,58,Chile
Andrea Florencia Bermúdez,matiaszacarias@example.net,23,Argentina
Dr. Amalia Almonte,montoyajulio@example.com,57,Espana
Rosalia Urrutia Muñoz,rociobotello@example.org,37,Francia
Lic. Lucas Valles,xgalindo@example.net,45,Peru
Jaime Olivares,jose54@example.org,64,Corea del Sur
Pablo Martín Maldonado Uribe,porellana@example.org,40,Panama
Lorena Olivia Olmos Rincón,abelardoalcala@example.com,70,Francia
Gerardo Humberto Noriega,gavalos@example.org,20,Japon
Noemí René Prieto,tomasmarin@example.org,43,Francia
Mauricio Guillermina Morales,inesportillo@example.org,40,Peru
Gerardo Jacobo Sáenz Ruelas,monicadel-valle@example.com,31,Reino Unido
Arcelia Sotelo,laura55@example.net,32,Peru
Ing. Pamela Ureña,rodriquezmartha@example.com,22,Espana
Pascual Inés Estrada,zvalles@example.org,32,Francia
Manuel Ivonne Fajardo,cynthiahidalgo@example.net,41,Espana
Indira Alvaro Vera,marisela97@example.net,29,Mexico
Carmen Adalberto Salcedo García,carvajalarcelia@example.net,16,Bolivia
Carmen Colón,oterozoe@example.com,24,Mexico
Dolores Ulloa,ana-luisa90@example.net,57,Venezuela
Lic. Helena Cervantes,emilianovillalpando@example.net,57,Mexico
Isabel Quezada,lorta@example.org,38,Reino Unido
Julia Araceli García,marisol57@example.com,37,Peru
Juan Carlos Zelaya Duarte,juliaquintana@example.org,54,Japon
Yolanda Rocío Soliz del Río,molinarolando@example.com,61,Peru
Ángel Echeverría Curiel,rosariomontalvo@example.net,60,Alemania
José Mariana Lozada,andreaalfaro@example.org,55,Bolivia
Mateo Hernádez Varela,patricio56@example.com,66,Brasil
Dr. Nelly Santillán,saucedajorge-luis@example.org,52,Italia
Rolando Camila Roque Echeverría,maria-del-carmenulloa@example.net,70,Chile
Horacio Jorge Luis Salgado Velasco,sduran@example.com,29,Panama
Mtro. Paola Barraza,mvela@example.org,54,Corea del Sur
Arcelia Benavídez Portillo,ymerino@example.org,21,Chile
Norma Gerardo Vergara Sotelo,nadia94@example.net,63,Chile
Berta Hinojosa,tcarvajal@example.org,20,Espana
Lic. Olivia Mateo,marianaquezada@example.net,68,Francia
Cristina Benjamín Arellano Vélez,oscar96@example.org,27,Italia
Ana Luisa Julio César Ortega Alcala,caridadcampos@example.net,38,Peru
Camilo Sandra Noriega Toledo,aolvera@example.net,47,Ecuador
Sessa Ramón,utrujillo@example.com,44,Estados Unidos
Elias Úrsula Núñez,tcervantez@example.com,27,Chile
Sr(a). Israel Jaimes,eloisa59@example.com,29,Espana
Magdalena Flores Cervántez,luis97@example.net,68,Peru
Florencia Genaro Moya Porras,lebronlucia@example.org,52,Chile
Mtro. Óliver Heredia,dolorespolanco@example.net,46,Peru
Marisol René Rodarte Mondragón,serafin35@example.net,62,Argentina
Alejandro Lira,gutierrezcamila@example.com,39,Colombia
Jos Florencia Patiño,grendon@example.net,42,Estados Unidos
Silvia Granado Tamez,dzayas@example.org,47,Ecuador
Carlota de León,rperez@example.com,44,Francia
Verónica Mónica Zapata Negrón,elsa08@example.net,47,Alemania
Gonzalo Miriam Bahena,adan34@example.com,26,Ecuador
Mtro. Delia Meza,britojaqueline@example.net,36,Costa Rica
Andrea Meraz,cresposoledad@example.org,51,Corea del Sur
Noemí Jerónimo Zambrano,benavidezlucas@example.com,34,Francia
Armando Curiel Solorzano,ctorres@example.org,27,Costa Rica
Julio César Vargas,felipede-la-torre@example.net,16,Guatemala
Juan Carlos Marisol Rincón Morales,fabiolasoliz@example.net,36,Costa Rica
Yuridia Agustín Berríos,colladojos@example.com,62,Alemania
Mtro. Angélica Cortés,veronica87@example.com,35,Colombia
Marco Antonio Lugo Maya,guillermo66@example.com,51,Reino Unido
Ignacio Negrón Ponce,ricardo93@example.net,15,Guatemala
Itzel Francisco Javier Castillo,jorgeespinoza@example.org,53,Panama
Camilo Romero Corona,rosalialimon@example.net,19,Panama
René Alemán,yolandaarenas@example.net,62,Colombia
Catalina Alberto Casanova,alvarobeltran@example.com,17,Peru
Yolanda Ramón Rojo Vallejo,citlali92@example.com,69,Alemania
Georgina Ceballos Cisneros,solizporfirio@example.com,62,Corea del Sur
Mtro. Miguel Ángel Rincón,padillamaria-teresa@example.org,65,Mexico
Indira Ana Luisa Gómez Beltrán,kponce@example.org,54,Reino Unido
Maximiliano Humberto Treviño Ballesteros,robledoirma@example.org,70,Chile
Federico Rodríquez,montoyacaridad@example.net,63,Italia
Raquel Marco Antonio Echeverría Reséndez,tellezteresa@example.net,60,Mexico
Sr(a). Marisol Narváez,rolando46@example.net,35,Guatemala
Yolanda Ordóñez Figueroa,ngarcia@example.org,28,Espana
Jos Cecilia Vargas,nmontemayor@example.org,39,Mexico
Dr. Francisca Rosado,trujillomaria-jose@example.org,24,Brasil
Diana Emilia Almanza Adame,reynaldo67@example.net,37,Argentina
Esther Dueñas Carbajal,benavidezursula@example.org,51,Guatemala
Sr(a). Carlos Beltrán,zaragozasandra@example.com,67,Reino Unido
Sr(a). Felipe Quintero,aldoanaya@example.com,45,Mexico
Ariadna Luz Melgar Carranza,mario54@example.com,50,Italia
Dr. Armando Rolón,madridcarlota@example.org,37,Ecuador
Zeferino Hermelinda Armendáriz,amadorreynoso@example.net,70,Mexico
Lic. Arturo Brito,galvanjaqueline@example.net,58,Chile
Octavio Dulce María Rangel,ialfaro@example.net,22,Ecuador
Ofelia Lucía Vargas Barajas,robledoirma@example.net,32,Brasil
Karina Mayte Alarcón Galindo,eugenio67@example.net,68,Colombia
Esparta Ricardo Zaragoza,alonso04@example.org,67,Espana
César Olivera Barragán,xarguello@example.net,24,Japon
Josefina Bueno Gil,trinidad80@example.com,16,Argentina
Ing. Zoé Reyna,guadalupe79@example.org,53,Bolivia
Karina Inés Mejía,rosarioraul@example.com,45,Mexico
Ing. Lucas Perales,olivoserafin@example.com,42,Venezuela
Leonel Ocasio Carrión,roberto52@example.net,69,Francia
Nayeli Miguel Ángel Soliz,fidel98@example.net,70,Ecuador
Magdalena Amador,lorenavergara@example.com,44,Mexico
Dr. María José Villarreal,esmeraldamatos@example.org,21,Espana
Gustavo Armendáriz Colón,claudioescalante@example.org,34,Alemania
Ing. Florencia Padrón,cesar71@example.com,28,Francia
Carlota Porfirio Roybal,bernardocuriel@example.org,49,Mexico
Mtro. Sofía Elizondo,reinagarrido@example.net,53,Francia
Ing. Trinidad González,calfaro@example.net,56,Panama
Patricia Isaac Alba,karinaraya@example.com,68,Panama
Octavio Ortega Olivo,lucasabrego@example.com,62,Bolivia
Andrea Óscar Gollum Granados,armandodelgadillo@example.com,54,Guatemala
Jos Arteaga,svalenzuela@example.org,15,Bolivia
Cynthia Carlos Haro,lozadaserafin@example.org,22,Bolivia
Federico Estefanía Ulibarri,xnegrete@example.net,19,Ecuador
Indira Israel Llamas Almanza,uherrera@example.net,58,Guatemala
Modesto Coronado Quiñónez,arandacaridad@example.org,17,Italia
Benjamín Irma Vigil,mariano28@example.com,59,Alemania
Cristobal Inés Monroy,gonzalezamalia@example.org,56,Guatemala
Ing. Irene Benavídez,isabela95@example.org,39,Colombia
Isabela Modesto Coronado Arenas,esparzajaime@example.net,59,Ecuador
Cornelio de Jesús,pvaca@example.net,36,Brasil
Aida Oquendo,uortega@example.org,16,Peru
Óliver Pedro Vega Ramos,badillopatricia@example.com,23,Colombia
Óscar Becerra,enieves@example.com,51,Guatemala
Marisol Delgado Esquivel,jmalave@example.org,67,Argentina
Guadalupe Treviño Jimínez,marisol66@example.com,32,Argentina
Gabriel Quezada Abrego,prubio@example.com,28,Estados Unidos
Jorge Alonso,jose-eduardocovarrubias@example.org,36,Francia
Rafaél Elena Arredondo Alvarado,felixbueno@example.com,42,Guatemala
Sonia Guillermina Téllez,harofabiola@example.com,59,Mexico
Araceli Pamela Vega,palomogabino@example.com,20,Costa Rica
Rosa Miriam Espino,zulloa@example.net,37,Chile
Renato Collazo Gómez,carreroeduardo@example.org,63,Ecuador
Uriel Josefina Terrazas Reyna,roldanadan@example.net,26,Espana
Gloria Santiago Trejo,velizemilia@example.com,47,Corea del Sur
Julia Guillermo Collado Serrato,lovatogeorgina@example.org,62,Argentina
Ing. Eugenio Caballero,olveraandres@example.com,69,Mexico
Abel Iglesias Montenegro,rivasesparta@example.org,18,Bolivia
Pamela Soledad Brito,menchacacarlota@example.com,23,Francia
Dr. Conchita Adame,saldananayeli@example.net,65,Guatemala
Víctor Benavídez Zúñiga,talejandro@example.net,48,Ecuador
Irene Nancy Pérez,laura68@example.com,48,Estados Unidos
Esteban Clara Tello,alicia83@example.com,22,Brasil
Adriana Reina Figueroa,kcavazos@example.com,63,Estados Unidos
Pedro Amaya,arevalovirginia@example.com,45,Peru
Dolores Ofelia Serna Anguiano,maximiliano19@example.net,45,Corea del Sur
Francisca Óscar Arevalo,mauriciopaez@example.com,25,Corea del Sur
Bernardo Joaquín Rivero,alonsodaniela@example.com,28,Chile
Leonardo Cano,mguardado@example.com,30,Reino Unido
Jerónimo Barajas,amador41@example.net,28,Alemania
Ing. Guadalupe Cortés,florenciacuellar@example.org,50,Argentina
Aurora Carbajal,tromo@example.org,59,Mexico
Sessa Macías,maciasarmando@example.net,16,Colombia
Dalia Agustín Paredes,david33@example.com,29,Argentina
Iván Abelardo Carranza,jeronimovelasquez@example.org,54,Panama
Natividad Ocampo Hernández,cecilia60@example.com,42,Guatemala
Eugenio Girón Iglesias,zde-la-rosa@example.org,25,Colombia
Daniel Alvaro Briones,solorzanosonia@example.net,64,Italia
Alejandro José Chacón,peresguillermina@example.net,38,Italia
Zoé Anabel Amador,maria-eugenia18@example.net,36,Japon
Georgina Esquivel Correa,luis-manuelvillanueva@example.net,69,Bolivia
Nicolás Wendolin Menchaca Carbajal,helena55@example.org,63,Estados Unidos
Luis Jesús Pelayo,tejadaestela@example.com,31,Reino Unido
Sr(a). Miguel Ángel Vázquez,montanorocio@example.net,25,Colombia
Benito Dolores Puente,covarrubiasrafael@example.org,39,Brasil
Ana Díaz Marroquín,mauriciomontalvo@example.net,51,Colombia
Héctor Gilberto Prado,franciscocordero@example.org,37,Estados Unidos
Sr(a). Rodrigo Rojas,wendolin85@example.net,69,Bolivia
Margarita Espinal Gallegos,dalia99@example.com,42,Panama
Marcos Villa,bermudezeloisa@example.com,62,Guatemala
Karina Sánchez,mnieves@example.net,65,Estados Unidos
Dr. Irma Adame,rubengarica@example.org,56,Brasil
Magdalena Serna,isaac69@example.net,50,Guatemala
Ing. Úrsula Gamboa,chavezteresa@example.net,25,Reino Unido
Celia Gabriela Arevalo,sde-la-torre@example.org,19,Espana
Andrea Ulloa Valle,zoe26@example.org,65,Alemania
Karla Eloisa Limón,claudio32@example.net,34,Argentina
Emilia Adriana de la Torre,zunigabenjamin@example.org,41,Espana
Mauro de la Garza,eva73@example.org,70,Peru
Sessa Bahena,soledadolvera@example.com,22,Ecuador
Emilio Aldo Cardona Naranjo,caraballoesperanza@example.org,58,Venezuela
Martha Juan Carlos Marrero Alvarado,bravoursula@example.org,49,Chile
Georgina Camilo Zapata Ortiz,carrascodiana@example.org,61,Guatemala
Adela Leonardo Sauceda,ybueno@example.com,49,Alemania
Lic. Rufino Zapata,elvira75@example.com,39,Reino Unido
Olivia Gregorio Gaytán,rolando79@example.net,50,Bolivia
Manuel Irene Salazar Nava,sandra88@example.com,63,Colombia
Nancy Villarreal,raulperalta@example.org,69,Japon
Mtro. Amalia Urbina,velazquezjose-maria@example.com,41,Corea del Sur
Marcos Alvarado,jacintomontemayor@example.com,22,Argentina
César Serrato,modesto72@example.org,18,Argentina
Irma Tórrez Domínguez,sessasegura@example.org,30,Japon
Micaela Gabriel Candelaria,penadavid@example.com,24,Italia
Gerónimo Andrés Rascón,ualtamirano@example.com,21,Venezuela
Lic. Ángela Barrios,casasnayeli@example.org,22,Ecuador
Alma Quiroz Gracia,anaranjo@example.net,66,Corea del Sur
Rubén Tania Loera Verdugo,geronimosuarez@example.org,60,Japon
Francisca Sandra Muñiz Toledo,saenzelisa@example.org,20,Reino Unido
Mateo Cynthia Arroyo Lara,victorcardenas@example.org,39,Venezuela
Mtro. Bruno Carrillo,fmadrigal@example.org,55,Estados Unidos
Ing. Elsa Garibay,vresendez@example.com,54,Japon
Sr(a). Javier Olivares,pornelas@example.com,27,Francia
Liliana Ángela Ortega Roldán,rolandorobledo@example.net,66,Costa Rica
Frida Cintrón Espinal,gescamilla@example.org,38,Reino Unido
Blanca Muñoz,valentinpamela@example.net,43,Corea del Sur
Rolando Ozuna,avaloscecilia@example.net,64,Mexico
Mtro. Pedro Cardenas,zamorafrancisco-javier@example.net,36,Argentina
Celia Lucía Luna Apodaca,yuridiavillagomez@example.com,42,Corea del Sur
Ramón Espinoza Abrego,juan-carlos01@example.net,63,Peru
Rafaél Manzanares Ávila,emilio29@example.org,15,Colombia
Dr. Sonia León,merinoabelardo@example.net,28,Italia
Felix Amanda Merino Franco,peraltacamila@example.com,60,Bolivia
Dr. Débora Barrera,olgaverduzco@example.net,51,Italia
Ivonne Rebeca Almanza Soliz,gerardode-la-garza@example.com,65,Ecuador
Noelia Alicia Brito Sisneros,silvia83@example.net,48,Peru
Eloisa Burgos Valles,acervantez@example.org,19,Corea del Sur
Mtro. Natalia Lozada,gomezeugenio@example.net,67,Francia
Mtro. Magdalena Alejandro,mariolimon@example.net,30,Reino Unido
Horacio Enrique Gallardo,ksantacruz@example.com,25,Ecuador
Vanesa Valdez Jiménez,isaacrico@example.com,22,Chile
Aldo Leonel Pacheco,maresmaria-luisa@example.net,27,Peru
Gabino Benjamín Archuleta,romerogilberto@example.org,15,Colombia
Rodolfo Mateo Hinojosa Rojo,benavidespablo@example.org,33,Peru
Juan Juana Galindo,ramirosalcido@example.net,22,Bolivia
Dr. Armando Escamilla,maria-elenavillanueva@example.com,18,Estados Unidos
Modesto Tapia Llamas,baezahilda@example.org,51,Panama
Guillermo Meléndez Cuellar,jaqueline93@example.org,38,Corea del Sur
Socorro Negrón Valdivia,galvezjose-eduardo@example.net,49,Ecuador
